// Generated by z3ed dungeon-room-census --emit-vanilla-fingerprints.
// Source: The Legend of Zelda: A Link to the Past (USA) 1.0, md5 608c22b8ff930c62dc2de54bcd6eba72.
// One-way 16-bit object hashes; see room_census_vanilla_fingerprints.h.
// clang-format off
constexpr bool kHasVanillaFingerprints = true;
constexpr uint16_t kVanillaFingerprintHashes[] = {
    0x0565, 0x2292, 0x24E8, 0x2D94, 0x46CD, 0x4738, 0x47BB, 0x48DD, 0x728B, 0x80CD, 0x8849, 0x9AA2,
    0xA86B, 0xAA3E, 0xAB47, 0xAFA1, 0xCFBD, 0xD224, 0xD8EA, 0xE4DC, 0xF274, 0xF849, 0xFC12, 0x09AF,
    0x09DE, 0x1063, 0x1A41, 0x1BAD, 0x28C4, 0x2C35, 0x2E31, 0x319E, 0x38B3, 0x3C40, 0x489A, 0x537E,
    0x57B2, 0x6386, 0x6530, 0x7149, 0x7DD8, 0x8184, 0x89AA, 0x8C3A, 0x8DEE, 0x9593, 0x9DB2, 0xA252,
    0xA3CE, 0xA4DC, 0xA767, 0xA824, 0xAC45, 0xAF78, 0xB1C1, 0xB40B, 0xB58D, 0xCC50, 0xDC38, 0xE37B,
    0xEF13, 0xEF84, 0xF38D, 0xF92C, 0xFA8A, 0x0015, 0x009C, 0x0259, 0x0423, 0x04B1, 0x06A6, 0x0A45,
    0x0BF0, 0x0E5B, 0x126A, 0x18FE, 0x1DE3, 0x215D, 0x222A, 0x2653, 0x27AB, 0x2C9F, 0x31C0, 0x3210,
    0x32DA, 0x3CF1, 0x3D50, 0x3F25, 0x408F, 0x41D0, 0x438B, 0x46EB, 0x479A, 0x503D, 0x6A53, 0x6AC8,
    0x6B8B, 0x6CCF, 0x6EF5, 0x7333, 0x7551, 0x7747, 0x7BEA, 0x7E05, 0x7E47, 0x7E7D, 0x85B4, 0x8A41,
    0x8ABC, 0x9645, 0x9E2E, 0x9FC3, 0xA45D, 0xB12B, 0xB13C, 0xB2C8, 0xB49B, 0xB672, 0xB705, 0xBA2B,
    0xBF33, 0xC140, 0xC66F, 0xC747, 0xC8BF, 0xCA0D, 0xCBE7, 0xCD01, 0xCDF9, 0xD0BB, 0xD39E, 0xD88E,
    0xDA55, 0xDBCA, 0xDD8A, 0xDEB0, 0xE306, 0xE4E8, 0xEC81, 0xEE9A, 0xF3BE, 0xFE79, 0xFEEF, 0x6BE2,
    0x7B3F, 0x7EF5, 0xA208, 0xC3F3, 0xD3AA, 0xDDDE, 0xEB1B, 0xF04F, 0xFD25, 0x0057, 0x0BA1, 0x0D07,
    0x0E10, 0x14C3, 0x2115, 0x2B67, 0x2DFC, 0x3696, 0x410D, 0x487D, 0x49AE, 0x49B5, 0x4F5E, 0x5247,
    0x5548, 0x5CCC, 0x6998, 0x6DAC, 0x7525, 0x7CDB, 0x8410, 0x88ED, 0x8F5B, 0x9C7D, 0x9E11, 0xA4A7,
    0xA63D, 0xB011, 0xB1F2, 0xBD47, 0xBD62, 0xBF8D, 0xD07F, 0xD34A, 0xD5A4, 0xD7F3, 0xE65A, 0xE689,
    0xF11E, 0xFA6A, 0xFD67, 0xFE1B, 0x0E3D, 0x1136, 0x19CC, 0x1E30, 0x2402, 0x2774, 0x3BA2, 0x3EB6,
    0x4312, 0x6240, 0x65DF, 0x9BBE, 0xB9F4, 0xBE9E, 0xE9CF, 0xFCCB, 0x003F, 0x0443, 0x0489, 0x078A,
    0x0D8E, 0x101D, 0x113B, 0x1524, 0x15A9, 0x2050, 0x271D, 0x2D2E, 0x2DEE, 0x34BD, 0x359A, 0x3957,
    0x3C81, 0x3F20, 0x41FD, 0x421C, 0x4247, 0x42F5, 0x4351, 0x444C, 0x45A3, 0x4A17, 0x4ACA, 0x4EF6,
    0x4F6D, 0x5206, 0x53A7, 0x5722, 0x5A94, 0x5B84, 0x6099, 0x62A7, 0x6389, 0x653A, 0x686F, 0x68FA,
    0x6D49, 0x6F1A, 0x748D, 0x78AB, 0x7ADF, 0x7B42, 0x7F7B, 0x801C, 0x8505, 0x8546, 0x86FB, 0x876E,
    0x8843, 0x8AE8, 0x8C24, 0x8C61, 0x8D75, 0x9024, 0x913B, 0x95B1, 0x9821, 0x999F, 0x9F40, 0xA220,
    0xA386, 0xA43D, 0xA478, 0xA5AF, 0xA740, 0xA78B, 0xAA02, 0xABF3, 0xAFD3, 0xB0C9, 0xB214, 0xBA41,
    0xBA44, 0xBEF5, 0xBFDB, 0xC00B, 0xC270, 0xC350, 0xC5E9, 0xCAB3, 0xCBD7, 0xCFC2, 0xD36F, 0xD44F,
    0xD92C, 0xD987, 0xDB8E, 0xDFBB, 0xE478, 0xE6E7, 0xE9C7, 0xEA70, 0xF1FF, 0xF31B, 0xF5CF, 0xF967,
    0xFAC3, 0x02A3, 0x03CC, 0x07F6, 0x0937, 0x1A09, 0x1B3E, 0x1FD4, 0x20CB, 0x2471, 0x258E, 0x2BB1,
    0x2E84, 0x2E90, 0x2FE2, 0x3898, 0x3992, 0x3B2D, 0x3E13, 0x4084, 0x41B2, 0x4320, 0x4AA6, 0x4B98,
    0x52A0, 0x52B9, 0x537C, 0x57F0, 0x5FE7, 0x6AAB, 0x73C4, 0x7782, 0x8D51, 0x97E4, 0x97E7, 0x9A4A,
    0x9EA2, 0xA3C9, 0xA5CB, 0xAC10, 0xB3A1, 0xB479, 0xB6CF, 0xB849, 0xBB77, 0xBCED, 0xBE87, 0xC69D,
    0xCD99, 0xD195, 0xD466, 0xD5E6, 0xD674, 0xD7A3, 0xE3D1, 0xEB70, 0xF392, 0xF428, 0x17CD, 0x25C7,
    0x2B2F, 0x30A5, 0x408B, 0x459A, 0x4CB5, 0x5477, 0x5E00, 0x67D6, 0x80D7, 0x873B, 0x9538, 0x9ECC,
    0x9ECE, 0xA3FE, 0xA789, 0xBC5A, 0xC2AB, 0xC594, 0xEB6C, 0xEC12, 0xEF62, 0xF7AB, 0xF922, 0xF95C,
    0xFDA9, 0x0900, 0x0979, 0x0E56, 0x0E56, 0x1260, 0x12F6, 0x197B, 0x1F7E, 0x22EC, 0x2327, 0x2420,
    0x2E90, 0x34FC, 0x3679, 0x3AA0, 0x535F, 0x5A9C, 0x5CEA, 0x5E69, 0x60C1, 0x621B, 0x640E, 0x65DC,
    0x6798, 0x68E5, 0x6A7B, 0x6CD2, 0x6FB6, 0x77D7, 0x7E3B, 0x84C0, 0x84D1, 0x875A, 0x956D, 0x97FB,
    0x9B96, 0xA08D, 0xA278, 0xA847, 0xAC63, 0xAF8E, 0xB164, 0xB48D, 0xB673, 0xC161, 0xC6CB, 0xCD0B,
    0xCD50, 0xCE87, 0xD954, 0xDA74, 0xE630, 0xE775, 0xEA4B, 0xF1A8, 0xF278, 0xF715, 0xFCE7, 0x0075,
    0x0723, 0x0D4F, 0x1F77, 0x2521, 0x2806, 0x2F6C, 0x34FC, 0x35E2, 0x3988, 0x4AA6, 0x4C6F, 0x4D4A,
    0x5393, 0x5BDF, 0x5DD4, 0x5FD8, 0x69D9, 0x6B2F, 0x6ED3, 0x79B2, 0x7B35, 0x7B7D, 0x7B9C, 0x8B84,
    0x91E7, 0x9263, 0x92F8, 0x9359, 0x952E, 0x9531, 0x98C0, 0x9DEB, 0x9EE2, 0xA000, 0xA1FC, 0xAA9E,
    0xB479, 0xBEDD, 0xC0DC, 0xC101, 0xC10D, 0xC1B7, 0xC277, 0xCAC3, 0xCB73, 0xCFDC, 0xD50D, 0xD674,
    0xD7A3, 0xDBA0, 0xDD62, 0xDDDA, 0xE0EB, 0xE831, 0xEA7B, 0xF3D3, 0xF730, 0xFE7F, 0x078A, 0x1381,
    0x16D5, 0x1821, 0x195E, 0x1B5E, 0x2193, 0x28E8, 0x2EB2, 0x3005, 0x3592, 0x38CB, 0x391E, 0x3AA3,
    0x3B0B, 0x3BC3, 0x3C32, 0x43BB, 0x44E7, 0x4504, 0x45EE, 0x47DC, 0x480D, 0x4A03, 0x4B7C, 0x4C70,
    0x4DC6, 0x542E, 0x5897, 0x5995, 0x5B6C, 0x5C97, 0x60BC, 0x65DC, 0x6AA3, 0x6C55, 0x6CBA, 0x70BC,
    0x7333, 0x7378, 0x74CE, 0x7784, 0x780F, 0x783D, 0x7B2C, 0x7B3C, 0x85C6, 0x8994, 0x8BBF, 0x917F,
    0x92AC, 0x9506, 0x9784, 0x9CB4, 0xA10D, 0xA38C, 0xA50F, 0xA97D, 0xACC8, 0xB6D7, 0xB71D, 0xB764,
    0xBB19, 0xBE22, 0xC1BE, 0xC652, 0xC84B, 0xCCF2, 0xD092, 0xD16C, 0xD2B8, 0xD370, 0xD3AD, 0xD722,
    0xD7E5, 0xD8D1, 0xDEA6, 0xDFF2, 0xE163, 0xE298, 0xE31C, 0xE57D, 0xF3EE, 0xFA42, 0xFB00, 0xFCB0,
    0xFD4C, 0x02DB, 0x0B27, 0x0B9E, 0x57EA, 0x5FF7, 0x73DE, 0x7B8C, 0x92E4, 0x9929, 0xBD40, 0xC9F4,
    0xC9F4, 0xCBE8, 0xDA70, 0xEC60, 0xF461, 0x0838, 0x1170, 0x1182, 0x1341, 0x1943, 0x2281, 0x2304,
    0x2652, 0x2DAA, 0x33CB, 0x36CB, 0x37D9, 0x3D1C, 0x489C, 0x4E8E, 0x50F1, 0x5257, 0x570A, 0x5814,
    0x5CD6, 0x612D, 0x61D8, 0x646F, 0x6FB6, 0x7D6D, 0x8FC5, 0x99D8, 0x9EBD, 0xA020, 0xA28A, 0xAEB1,
    0xB2D4, 0xB717, 0xBD0A, 0xBF94, 0xC12F, 0xCC3C, 0xD888, 0xE05A, 0xE386, 0xF009, 0xF73E, 0xFE99,
    0x0019, 0x05FA, 0x0B6F, 0x1830, 0x18CD, 0x1BD3, 0x1DDF, 0x2091, 0x21F7, 0x266A, 0x2C78, 0x311A,
    0x38D6, 0x38E9, 0x3907, 0x3C21, 0x3DFB, 0x3F06, 0x3F25, 0x438B, 0x4487, 0x44F0, 0x46F1, 0x48DC,
    0x4B06, 0x53AE, 0x60A6, 0x6221, 0x6A61, 0x6B4A, 0x712F, 0x725F, 0x796F, 0x7C04, 0x7E76, 0x7F83,
    0x80CD, 0x88F5, 0x943D, 0x95C8, 0x9874, 0x99AA, 0x9A44, 0x9AA2, 0x9C51, 0xA00A, 0xA222, 0xA736,
    0xAC41, 0xB2EF, 0xB3E2, 0xBC45, 0xBDDC, 0xC30F, 0xC40C, 0xC443, 0xC4ED, 0xCF5B, 0xD35C, 0xDA55,
    0xDAA5, 0xDBA6, 0xDD92, 0xE16A, 0xE1D1, 0xEB35, 0xEB52, 0xEB54, 0xECCC, 0xF515, 0xFC63, 0x059C,
    0x078A, 0x0A4C, 0x0BE2, 0x1090, 0x109E, 0x13C1, 0x153A, 0x2239, 0x252E, 0x287D, 0x2EC5, 0x35EE,
    0x37C2, 0x3D69, 0x44E4, 0x459A, 0x50D2, 0x5B93, 0x64FD, 0x66DE, 0x6AE4, 0x6FFC, 0x709E, 0x7822,
    0x7A4E, 0x7D8C, 0x84D4, 0x859F, 0x8781, 0x8910, 0x8CDD, 0x8DF2, 0x9487, 0x9758, 0x9F6A, 0xA1CF,
    0xA222, 0xA795, 0xAB02, 0xAF0E, 0xAFCB, 0xB747, 0xB870, 0xBEF5, 0xCB97, 0xCCF8, 0xCF73, 0xD620,
    0xD8E7, 0xDE76, 0xDF48, 0xDFD5, 0xE74E, 0xECBD, 0xEDD7, 0xEE25, 0x0BCA, 0x10BD, 0x131B, 0x1529,
    0x18A7, 0x1959, 0x1CD1, 0x1EA5, 0x1FDE, 0x2192, 0x22BB, 0x2499, 0x2B2B, 0x2C71, 0x2E62, 0x447F,
    0x4734, 0x49E2, 0x4E50, 0x58D2, 0x6199, 0x6813, 0x6D18, 0x6D5B, 0x7014, 0x7154, 0x7276, 0x7776,
    0x78A8, 0x7966, 0x7A13, 0x7B93, 0x7D72, 0x8175, 0x81E3, 0x8626, 0x86F4, 0x8CB0, 0x9255, 0xA3A2,
    0xABDF, 0xAFBE, 0xB583, 0xBB4E, 0xBDF7, 0xC2D4, 0xC50A, 0xC772, 0xCC0D, 0xCD55, 0xD1D0, 0xD549,
    0xD5F1, 0xE0C9, 0xE17F, 0xE37E, 0xE6D9, 0xE782, 0xEA6B, 0xF386, 0xF6F4, 0xF8D4, 0xF9D5, 0xFFAD,
    0x00B2, 0x0EAE, 0x19F6, 0x23D8, 0x2AD6, 0x2F9D, 0x4C8B, 0x6183, 0x6896, 0x787A, 0x8734, 0xA6D0,
    0xB4BF, 0xC487, 0xDE89, 0x0219, 0x0331, 0x0638, 0x0661, 0x0776, 0x089C, 0x0937, 0x0AA7, 0x0CA8,
    0x0D4C, 0x0F25, 0x1024, 0x103C, 0x113B, 0x1443, 0x1504, 0x1521, 0x15B2, 0x19D7, 0x1C03, 0x1CE6,
    0x262C, 0x2A68, 0x2ADD, 0x2DF7, 0x2E6F, 0x2E84, 0x2E9B, 0x2F2D, 0x3053, 0x3107, 0x31B3, 0x32C5,
    0x35A0, 0x3722, 0x3846, 0x3B32, 0x3F7A, 0x3FF8, 0x4306, 0x4343, 0x460D, 0x474A, 0x4757, 0x4A54,
    0x4B00, 0x4B01, 0x4B63, 0x4CBB, 0x4D66, 0x501C, 0x50C3, 0x511A, 0x5360, 0x542A, 0x55BC, 0x55E7,
    0x580D, 0x5839, 0x59CA, 0x5AEB, 0x5B10, 0x5CB2, 0x60FA, 0x64EF, 0x66CB, 0x6786, 0x6C5E, 0x6E88,
    0x6FFE, 0x7021, 0x7244, 0x74DA, 0x760E, 0x7C14, 0x7D31, 0x7DDD, 0x8055, 0x8059, 0x8123, 0x84CD,
    0x8858, 0x88FB, 0x896C, 0x8A05, 0x91DA, 0x9577, 0x9703, 0x9888, 0x9925, 0x99B8, 0x99C2, 0x9B36,
    0x9C70, 0x9DBE, 0x9E9E, 0xA1BB, 0xA2C0, 0xA308, 0xA70B, 0xA751, 0xA7D4, 0xA912, 0xA9B9, 0xA9F7,
    0xAA22, 0xAD20, 0xAD5F, 0xAFED, 0xB2B0, 0xB2BB, 0xBE74, 0xBF32, 0xC08C, 0xC0CD, 0xC1B1, 0xC24A,
    0xC33E, 0xC506, 0xC52C, 0xC601, 0xC729, 0xC745, 0xD396, 0xD4CD, 0xD516, 0xD6FA, 0xD7AF, 0xD7F4,
    0xDA0B, 0xDBA0, 0xE094, 0xE187, 0xE7E3, 0xEA9D, 0xEDF7, 0xEF6A, 0xF03F, 0xF075, 0xF4D6, 0xF987,
    0xF9DA, 0xFA19, 0xFA2D, 0xFAB2, 0xFC50, 0xFDD7, 0x0134, 0x01D4, 0x0283, 0x02B1, 0x02FE, 0x0304,
    0x0353, 0x0503, 0x06AB, 0x08A6, 0x092C, 0x09AD, 0x0E1C, 0x0FE9, 0x11CA, 0x1504, 0x175A, 0x197B,
    0x1B3D, 0x1CE4, 0x1DE1, 0x281F, 0x284D, 0x2D3E, 0x2E26, 0x2EC5, 0x2F11, 0x2F4C, 0x2FC7, 0x311A,
    0x334F, 0x3511, 0x40BA, 0x4137, 0x468A, 0x4A7B, 0x4D9F, 0x506E, 0x52C1, 0x547A, 0x556A, 0x55B5,
    0x5823, 0x591C, 0x59A5, 0x5C01, 0x5E7A, 0x5FEC, 0x6221, 0x6227, 0x628B, 0x6381, 0x6426, 0x64D1,
    0x6564, 0x668E, 0x6797, 0x698B, 0x6B6F, 0x6D0D, 0x6F4A, 0x731A, 0x7343, 0x75A8, 0x76B5, 0x798B,
    0x7A86, 0x7C1C, 0x7C32, 0x7CE8, 0x7D86, 0x7DA2, 0x7E6F, 0x7F7E, 0x80CB, 0x81BB, 0x8338, 0x85D1,
    0x8A8A, 0x8DDF, 0x8E12, 0x8EC0, 0x8FAA, 0x8FAC, 0x8FD7, 0x8FE3, 0x9256, 0x92B3, 0x92BD, 0x92EB,
    0x95D4, 0x975F, 0x9825, 0x98E7, 0x9A25, 0xA114, 0xA1C6, 0xA236, 0xA287, 0xA453, 0xA4D5, 0xAB91,
    0xACA6, 0xAFF2, 0xB0BF, 0xB163, 0xB2DD, 0xB348, 0xB3CD, 0xB420, 0xB4BF, 0xB56E, 0xB581, 0xB68E,
    0xB7AF, 0xB88E, 0xB96E, 0xBD7A, 0xC05C, 0xC123, 0xC346, 0xC4AC, 0xC773, 0xCB17, 0xCBDD, 0xCCD8,
    0xCF83, 0xD038, 0xD10D, 0xD12F, 0xD35C, 0xD429, 0xD471, 0xD6F4, 0xDF5B, 0xE032, 0xE0E8, 0xE77B,
    0xEA75, 0xEAC0, 0xEC49, 0xEF82, 0xF2B5, 0xF33E, 0xF53C, 0xF904, 0xF922, 0xFA10, 0xFDA3, 0xFE5F,
    0x007B, 0x0325, 0x042E, 0x04D9, 0x063D, 0x0937, 0x0C41, 0x0D10, 0x10C7, 0x1ED7, 0x1EF5, 0x21C7,
    0x2379, 0x2498, 0x25A0, 0x2641, 0x2A56, 0x2B74, 0x3874, 0x3929, 0x3C49, 0x3E7A, 0x3E7A, 0x4372,
    0x47C2, 0x4A06, 0x4A49, 0x4E33, 0x50F1, 0x5189, 0x52B3, 0x54A0, 0x5DD4, 0x627F, 0x679A, 0x689D,
    0x6D65, 0x739A, 0x73C0, 0x7951, 0x7A31, 0x7D2E, 0x84CD, 0x85A0, 0x8731, 0x88AD, 0x8C20, 0x8C5C,
    0x8CA5, 0x8FB3, 0x91A5, 0x9319, 0x9322, 0x932D, 0x9629, 0x9845, 0x9958, 0x9A2A, 0x9DEB, 0xA78B,
    0xA7A2, 0xB381, 0xB3AB, 0xB4BF, 0xBC70, 0xBE78, 0xBF10, 0xC217, 0xC24B, 0xC509, 0xC842, 0xCD0B,
    0xCDD4, 0xD381, 0xD50A, 0xD516, 0xD9B6, 0xDA0B, 0xDA55, 0xDA76, 0xDAC3, 0xDAEA, 0xDF87, 0xE302,
    0xE397, 0xE479, 0xE65A, 0xEA45, 0xEA55, 0xEA9D, 0xEAA8, 0xEBA2, 0xED44, 0xF103, 0xF3FF, 0xFBF3,
    0xFE8D, 0x025B, 0x0C7D, 0x0D15, 0x0F71, 0x101D, 0x12A8, 0x198D, 0x1D1D, 0x225C, 0x2A62, 0x2C42,
    0x2E0F, 0x31DC, 0x3497, 0x34A7, 0x34CA, 0x3624, 0x3A9E, 0x3D46, 0x3F46, 0x41E2, 0x41E7, 0x428A,
    0x444C, 0x5524, 0x5B84, 0x6433, 0x653A, 0x6646, 0x68FA, 0x6F1A, 0x739F, 0x74F1, 0x77E2, 0x7B14,
    0x8222, 0x8642, 0x86FB, 0x8A33, 0x8A36, 0x8A92, 0x8C24, 0x9024, 0x90E9, 0x9484, 0x9B4E, 0x9C8B,
    0x9DF4, 0x9F40, 0xA280, 0xA3FD, 0xA43D, 0xA8C5, 0xAD09, 0xB214, 0xB396, 0xBA0C, 0xBB40, 0xBCCF,
    0xBEF2, 0xC270, 0xC4F1, 0xC706, 0xC778, 0xCB0D, 0xCE41, 0xD2B8, 0xD44F, 0xD48D, 0xD6A4, 0xD9A2,
    0xDA71, 0xDC71, 0xDF00, 0xDF4C, 0xE64E, 0xE6D9, 0xE8A2, 0xE9B4, 0xEB03, 0xEEB4, 0xF424, 0xF699,
    0xFA44, 0xFBF1, 0xFF8B, 0x07B6, 0x0B2C, 0x1367, 0x14AA, 0x18D5, 0x1EC2, 0x232E, 0x2640, 0x283D,
    0x2BC4, 0x3450, 0x3C62, 0x3D5B, 0x3E56, 0x4937, 0x4CBD, 0x4FE6, 0x69D3, 0x6F60, 0x72DF, 0x7611,
    0x7B98, 0x7B99, 0x8771, 0x8804, 0x8C8D, 0x97D6, 0x9969, 0xA1FD, 0xA3FC, 0xACB3, 0xBBF5, 0xC724,
    0xCABC, 0xCB2C, 0xDA73, 0xDC61, 0xE6EF, 0xE769, 0xE81B, 0xECAB, 0xF271, 0xF2D1, 0xFFA7, 0x09A7,
    0x0F13, 0x1226, 0x126E, 0x1272, 0x1BA2, 0x244B, 0x253C, 0x2793, 0x2C4A, 0x3089, 0x358B, 0x3B49,
    0x3BD5, 0x3DDA, 0x3E3A, 0x4894, 0x4D4D, 0x4F77, 0x4FEE, 0x5214, 0x5439, 0x5445, 0x56BB, 0x5AB1,
    0x5F34, 0x604D, 0x621C, 0x627F, 0x671C, 0x7546, 0x7649, 0x7781, 0x7D92, 0x7D92, 0x83C0, 0x8CFD,
    0x9BE0, 0x9E7C, 0xA0A3, 0xA67D, 0xA85E, 0xAA7F, 0xAB47, 0xB475, 0xBFEE, 0xC1A5, 0xC2C5, 0xC50D,
    0xC512, 0xC7C7, 0xCA74, 0xD48D, 0xD495, 0xD832, 0xDC08, 0xDC3B, 0xE033, 0xE401, 0xEB64, 0xF3D3,
    0xF69B, 0xF97C, 0xFA25, 0xFB5F, 0xFD26, 0x01AD, 0x035C, 0x08CC, 0x0937, 0x0D87, 0x10DC, 0x1E50,
    0x2106, 0x21A2, 0x21DE, 0x2A68, 0x2BE2, 0x2D13, 0x3248, 0x3992, 0x3E2B, 0x3FDD, 0x3FE9, 0x4BA8,
    0x5122, 0x539A, 0x5C59, 0x5D79, 0x6133, 0x621F, 0x63D0, 0x6473, 0x64F6, 0x6DE1, 0x76CF, 0x79C8,
    0x7CE1, 0x8148, 0x8389, 0x83CF, 0x8AD8, 0x8C35, 0x8F63, 0x95D0, 0x9A0F, 0x9B46, 0x9D18, 0x9E9D,
    0xA58A, 0xA8D9, 0xA933, 0xB44D, 0xB502, 0xB932, 0xC210, 0xC538, 0xC8F1, 0xCAC3, 0xCAC7, 0xCBFB,
    0xD419, 0xD95D, 0xDF75, 0xE0CD, 0xE0EC, 0xE16C, 0xE408, 0xE499, 0xE78C, 0xEDB6, 0xF476, 0x03AD,
    0x15A0, 0x24AF, 0x2C0A, 0x3613, 0x38A6, 0x3BDC, 0x3CB9, 0x3FD7, 0x4008, 0x406E, 0x4CB9, 0x667B,
    0x6A9C, 0x6BD6, 0x7997, 0x7AB1, 0x8189, 0x89B7, 0x90A5, 0x9AF7, 0x9E4E, 0xA12A, 0xA622, 0xB54D,
    0xBCF5, 0xBD9C, 0xBE8D, 0xC70A, 0xCDF2, 0xD447, 0xD7D5, 0xDD3F, 0xDF38, 0xE7AA, 0xE97D, 0xF205,
    0xF38D, 0xF679, 0xFD85, 0x0A76, 0x46E7, 0x5C14, 0x6F0D, 0x73FA, 0x75BF, 0x80E8, 0xA102, 0xA860,
    0xBD09, 0xBF97, 0xCA1E, 0xD235, 0xD575, 0xE57F, 0xFC99, 0xFFD8, 0x3B28, 0x4047, 0x4AC4, 0x5C75,
    0x60A0, 0x6238, 0x679A, 0x7100, 0x7951, 0x9D73, 0x9F0B, 0xA6D9, 0xBB5A, 0xCEC6, 0xDFBD, 0xE5E8,
    0xE917, 0xEF9C, 0xF407, 0xF9A9, 0xFD49, 0x0E2B, 0x10BA, 0x1191, 0x12A1, 0x13B3, 0x195E, 0x1A03,
    0x2AFD, 0x2BE5, 0x2D32, 0x3338, 0x34E1, 0x3592, 0x3B51, 0x3E93, 0x3F98, 0x41E9, 0x48CB, 0x4CDE,
    0x4E8E, 0x500D, 0x56DA, 0x57B3, 0x5F5C, 0x644A, 0x644F, 0x6CB9, 0x700B, 0x725D, 0x734D, 0x750D,
    0x76A5, 0x7811, 0x7B30, 0x7BAF, 0x7D6A, 0x7D89, 0x8214, 0x881B, 0x8A28, 0x8DF2, 0x8E2D, 0x8ED9,
    0x8F19, 0x9B1E, 0xA19C, 0xA944, 0xAB7E, 0xABB8, 0xB287, 0xB49B, 0xB590, 0xBBAC, 0xBEF5, 0xC5BB,
    0xCB0E, 0xCB4C, 0xCC3C, 0xD553, 0xDE35, 0xE5A6, 0xEABB, 0xEDAD, 0xEF66, 0xF1E0, 0xF6FB, 0xF7AE,
    0xFA74, 0xFB82, 0xFC56, 0xFFA8, 0x1D59, 0x2138, 0x2D9A, 0x36D7, 0x4029, 0x435D, 0x453D, 0x496A,
    0x4B89, 0x58D2, 0x5AD7, 0x5F79, 0x716A, 0x7A1A, 0x7B92, 0x7EA1, 0x97E5, 0xC930, 0xD1D0, 0xD2EF,
    0xE88F, 0x02DB, 0x0B27, 0x0B9E, 0x57EA, 0x5FF7, 0x73DE, 0x7B8C, 0x92E4, 0x9929, 0xBD40, 0xC9F4,
    0xC9F4, 0xCBE8, 0xDA70, 0xEC60, 0xF461, 0x002A, 0x0369, 0x041F, 0x0B57, 0x103B, 0x11D0, 0x126D,
    0x16DA, 0x193A, 0x1AA3, 0x2189, 0x269F, 0x2AF4, 0x2EED, 0x31FB, 0x3815, 0x3996, 0x3CDA, 0x3FA8,
    0x4129, 0x47C2, 0x4839, 0x494E, 0x519C, 0x52B3, 0x59C7, 0x614F, 0x61D0, 0x677F, 0x69B9, 0x6B90,
    0x6ED9, 0x6FD3, 0x73F4, 0x7CE7, 0x7E0F, 0x84CD, 0x86D3, 0x8780, 0x8797, 0x87EF, 0x8BE6, 0x9B3D,
    0x9D79, 0x9EC9, 0xA24A, 0xA88B, 0xA963, 0xB16A, 0xB41B, 0xB428, 0xB446, 0xBFD5, 0xC06B, 0xC2F7,
    0xD3A7, 0xD40B, 0xDA2E, 0xDB65, 0xDE97, 0xDF55, 0xE088, 0xE492, 0xE761, 0xE816, 0xE8F6, 0xF39B,
    0xFC62, 0x0081, 0x0178, 0x0959, 0x0E69, 0x1936, 0x193A, 0x1A57, 0x2170, 0x29F9, 0x2C3C, 0x2C51,
    0x2F58, 0x2F6D, 0x3995, 0x3B2C, 0x43A7, 0x481B, 0x49BF, 0x4F80, 0x5062, 0x5983, 0x6AC8, 0x6E24,
    0x707C, 0x77DD, 0x782E, 0x7A31, 0x7BEA, 0x832B, 0x8567, 0xA78A, 0xACC5, 0xAD8C, 0xB723, 0xBCD8,
    0xC2F7, 0xC993, 0xCD9E, 0xCDAB, 0xD187, 0xD953, 0xD964, 0xE408, 0xE5F0, 0xEDA8, 0xEF9D, 0xF1E6,
    0xF3EA, 0xF9B3, 0x05B0, 0x0B59, 0x1D59, 0x2C92, 0x3212, 0x3E17, 0x4DCE, 0x53D5, 0x54E5, 0x5D2A,
    0x6BC6, 0x6EBA, 0xB64A, 0xBFFD, 0xCCC0, 0xD45B, 0xD553, 0xD84C, 0xE7D4, 0xE83F, 0xEF0E, 0x0318,
    0x05B0, 0x0926, 0x13F1, 0x17AE, 0x17CD, 0x246F, 0x24C6, 0x2529, 0x260B, 0x2B2F, 0x2E6E, 0x3057,
    0x3A2F, 0x3B51, 0x41E9, 0x4525, 0x4801, 0x48B0, 0x4ECE, 0x5560, 0x55A1, 0x582E, 0x602C, 0x6061,
    0x6780, 0x6EB4, 0x7418, 0x78E4, 0x8085, 0x80B2, 0x8163, 0x8D3E, 0x9758, 0x9ECE, 0xA19C, 0xA703,
    0xAAD4, 0xAF2D, 0xC027, 0xC2F5, 0xC535, 0xCB0E, 0xCCA5, 0xCCF8, 0xCD67, 0xCF90, 0xD45B, 0xD54F,
    0xD82E, 0xDBD3, 0xE296, 0xF95C, 0xFAF7, 0x00E4, 0x01B0, 0x02F1, 0x0383, 0x0839, 0x0FF3, 0x1082,
    0x1121, 0x12FD, 0x175C, 0x1957, 0x19F3, 0x1F26, 0x2AB2, 0x3996, 0x3C1A, 0x3F17, 0x40C0, 0x43E1,
    0x443F, 0x470A, 0x47C3, 0x483C, 0x483F, 0x4979, 0x4B2A, 0x5000, 0x505B, 0x512D, 0x5959, 0x5B8F,
    0x5C7F, 0x74AC, 0x7C66, 0x7F8A, 0x89E9, 0x8A5D, 0x8AA3, 0x9304, 0x9B18, 0x9D5B, 0x9D79, 0x9E83,
    0x9E92, 0xAC25, 0xAE33, 0xB27D, 0xB5A0, 0xB5F7, 0xB932, 0xBAD7, 0xC366, 0xC594, 0xC9C4, 0xCAE2,
    0xCB2F, 0xCBD6, 0xCC37, 0xCC54, 0xD05E, 0xD440, 0xD82E, 0xDAB6, 0xDCD0, 0xDD65, 0xE399, 0xEC38,
    0xEE56, 0xF00B, 0xF01C, 0xF2A7, 0xF2EE, 0xF6EB, 0xF7AB, 0xF835, 0xFA36, 0xFC8E, 0xFDE5, 0xFE22,
    0xFF74, 0x0195, 0x037F, 0x0A75, 0x0C7D, 0x0DEE, 0x101D, 0x160C, 0x1CBC, 0x1FAF, 0x21F5, 0x26E1,
    0x2D0D, 0x33CE, 0x34F8, 0x370D, 0x3733, 0x373C, 0x3786, 0x38F7, 0x3B5D, 0x3E26, 0x40D7, 0x41E7,
    0x421E, 0x444C, 0x45C1, 0x47E9, 0x48FC, 0x497D, 0x4C71, 0x4E49, 0x50E8, 0x548C, 0x571E, 0x5990,
    0x5B84, 0x5C2D, 0x5F45, 0x638E, 0x6486, 0x6E2B, 0x6F1A, 0x7340, 0x7718, 0x7CA8, 0x7FA9, 0x823B,
    0x8626, 0x86EC, 0x86FB, 0x8808, 0x8ABE, 0x8B82, 0x8C24, 0x8E3D, 0x9024, 0x92EE, 0x94CF, 0x99DA,
    0x9B4E, 0x9B9E, 0x9EBB, 0x9F9B, 0xA718, 0xA940, 0xABAC, 0xACC4, 0xAE3B, 0xAE9B, 0xAFDC, 0xB3D1,
    0xB3F0, 0xB59C, 0xB7D4, 0xBBEF, 0xC270, 0xC28E, 0xCAD6, 0xCB0D, 0xD4F2, 0xD5E6, 0xD6A4, 0xD92C,
    0xDF37, 0xDF4C, 0xE6D9, 0xE84B, 0xE975, 0xEB47, 0xEC4A, 0xED49, 0xF03F, 0xF2F9, 0xF3B8, 0xF700,
    0xF79B, 0xF7FC, 0xF943, 0xF96D, 0xFBEA, 0xFCC8, 0xFDA7, 0xFE52, 0x0728, 0x0BCE, 0x0E88, 0x1076,
    0x1881, 0x18F3, 0x1A17, 0x20D9, 0x2514, 0x251D, 0x26FB, 0x27F1, 0x281C, 0x2BDC, 0x311A, 0x322B,
    0x322F, 0x38AD, 0x400B, 0x409F, 0x417F, 0x4791, 0x4E83, 0x532B, 0x54B5, 0x5D96, 0x62D8, 0x6552,
    0x6A18, 0x6C09, 0x6C9B, 0x6CF9, 0x6D18, 0x6F50, 0x6FEF, 0x71CB, 0x761D, 0x77E1, 0x8041, 0x807F,
    0x8189, 0x84CB, 0x85E2, 0x86BA, 0x891F, 0x8A8E, 0x8CBC, 0x8D0E, 0x8D3D, 0x8FA5, 0x9206, 0x95E8,
    0x9874, 0x9A26, 0x9C76, 0xA0A3, 0xAA9D, 0xB011, 0xB064, 0xB12B, 0xB3D9, 0xB643, 0xB8E0, 0xC07F,
    0xC0D3, 0xC407, 0xC5CF, 0xC6C2, 0xC8A0, 0xCF5D, 0xD405, 0xD46A, 0xD59E, 0xD6BA, 0xD708, 0xD74F,
    0xD864, 0xDCBA, 0xE0C3, 0xE19F, 0xE241, 0xE3C4, 0xE566, 0xEADE, 0xEB93, 0xF094, 0xF1F5, 0xF268,
    0xF844, 0xFC63, 0xFF8E, 0x007A, 0x034B, 0x06FB, 0x0D48, 0x117F, 0x13F8, 0x1477, 0x1516, 0x1A84,
    0x1AF6, 0x1C7A, 0x2B68, 0x32C6, 0x3908, 0x3A54, 0x46A4, 0x5463, 0x5C54, 0x5FB2, 0x73B0, 0x811C,
    0x812B, 0x8589, 0x8AF1, 0xA94F, 0xAAEE, 0xADBD, 0xB034, 0xCDB1, 0xEF46, 0xF86A, 0xFA8A, 0x0323,
    0x03B3, 0x07FC, 0x0816, 0x0937, 0x0B55, 0x0C00, 0x0E7A, 0x1327, 0x14FC, 0x1627, 0x1BC0, 0x1C03,
    0x2118, 0x217E, 0x21DE, 0x2364, 0x23EA, 0x258F, 0x25AB, 0x27AC, 0x2A68, 0x30BC, 0x30EE, 0x3179,
    0x3248, 0x3308, 0x345B, 0x348B, 0x3699, 0x3850, 0x3B72, 0x3D9C, 0x3F5D, 0x3FDC, 0x4079, 0x4089,
    0x441E, 0x45E8, 0x4A2E, 0x4F68, 0x5122, 0x51DB, 0x52B5, 0x5360, 0x5377, 0x5993, 0x5AEB, 0x5C44,
    0x60E4, 0x63D5, 0x656C, 0x6645, 0x6751, 0x697D, 0x6A61, 0x6A67, 0x6D02, 0x6E11, 0x6FFE, 0x70DF,
    0x70E1, 0x7244, 0x7391, 0x7DB9, 0x7DDE, 0x7EEA, 0x8147, 0x8148, 0x85C6, 0x8828, 0x884F, 0x891A,
    0x8936, 0x89D3, 0x8CED, 0x9052, 0x905B, 0x952F, 0x9577, 0x96D5, 0x977A, 0x988A, 0x9983, 0x9B6A,
    0x9C70, 0x9D18, 0x9E9F, 0x9EDA, 0xA034, 0xA30A, 0xA434, 0xA8ED, 0xAA6D, 0xADAB, 0xB63D, 0xB670,
    0xB91A, 0xBB70, 0xBC2B, 0xBC61, 0xC09A, 0xC218, 0xC229, 0xC26F, 0xC639, 0xC769, 0xC816, 0xCB3C,
    0xCD11, 0xCE36, 0xD3CA, 0xD516, 0xD849, 0xD93F, 0xDC1C, 0xDEBC, 0xE0EC, 0xE648, 0xEA2F, 0xEB2E,
    0xEC15, 0xEDF9, 0xEFF5, 0xF044, 0xF20A, 0xF3C3, 0xF3E6, 0xF864, 0xFCBC, 0xFD95, 0xFE6B, 0xFEB6,
    0x0252, 0x0334, 0x0838, 0x0D9C, 0x14ED, 0x1718, 0x1943, 0x1AB1, 0x2048, 0x2709, 0x297A, 0x2A12,
    0x2DAA, 0x2ED5, 0x37D5, 0x40D0, 0x47BE, 0x51FF, 0x5257, 0x545C, 0x556A, 0x5692, 0x5959, 0x5B4A,
    0x603B, 0x612D, 0x646F, 0x6E78, 0x6F37, 0x7166, 0x7244, 0x78EA, 0x79E7, 0x7ABE, 0x7B57, 0x8588,
    0x8BBD, 0x8FC5, 0x9109, 0x9228, 0x92BE, 0x9670, 0x9A02, 0x9EBD, 0x9ED1, 0xB1DF, 0xB276, 0xB399,
    0xBB8D, 0xC018, 0xC4A0, 0xCDDB, 0xD412, 0xD486, 0xDCEF, 0xE13D, 0xEC78, 0xF21D, 0xF73E, 0xF794,
    0xF8CC, 0xFDAF, 0xFE99, 0x059F, 0x087F, 0x0E2B, 0x1A03, 0x2523, 0x26CD, 0x2D2B, 0x2EF5, 0x3338,
    0x34E1, 0x3B51, 0x3B62, 0x3E93, 0x3F98, 0x41E9, 0x4E8E, 0x5895, 0x58C8, 0x6302, 0x644F, 0x66EB,
    0x6B80, 0x6C4C, 0x6CB9, 0x700B, 0x725D, 0x7313, 0x7445, 0x759E, 0x76A5, 0x76CD, 0x7811, 0x78D3,
    0x7B30, 0x7D6A, 0x7D89, 0x8214, 0x881B, 0x8DF2, 0x8E2D, 0x8F19, 0x9650, 0x9B1E, 0x9C7B, 0x9CD5,
    0xA19C, 0xA944, 0xAEA7, 0xAEE9, 0xB08D, 0xB237, 0xB33C, 0xB49B, 0xB4BF, 0xB561, 0xB590, 0xB9D8,
    0xBBAC, 0xBBC1, 0xBEC8, 0xBEF5, 0xC41B, 0xC52B, 0xC5BB, 0xC673, 0xCBD6, 0xCC3C, 0xD553, 0xD6AE,
    0xDE35, 0xE124, 0xE45A, 0xEABB, 0xEB78, 0xED95, 0xF0DF, 0xF7AE, 0xFB82, 0xFDB9, 0xFFA8, 0x012D,
    0x1FA1, 0x22D3, 0x4900, 0x4C05, 0x9148, 0x99C3, 0xAF9D, 0xE000, 0x05C8, 0x0919, 0x0B35, 0x0BF0,
    0x0BFE, 0x17CA, 0x1CD9, 0x213C, 0x242E, 0x2B14, 0x2C0B, 0x311A, 0x3694, 0x37DC, 0x38E9, 0x3E73,
    0x41A1, 0x438B, 0x4868, 0x4C69, 0x52D4, 0x57AB, 0x6174, 0x666C, 0x68BE, 0x696B, 0x6B90, 0x7107,
    0x712F, 0x7205, 0x7273, 0x786F, 0x7A54, 0x7C6C, 0x80ED, 0x827B, 0x8327, 0x8452, 0x846D, 0x8504,
    0x8A2C, 0x8B0D, 0x8E47, 0x8EEB, 0x8EFA, 0x9556, 0x96C1, 0x9DCF, 0xA199, 0xA222, 0xA471, 0xAD28,
    0xB028, 0xB7E6, 0xBDDC, 0xC43B, 0xCAF3, 0xD56D, 0xD6AE, 0xD711, 0xDA55, 0xDC35, 0xDE83, 0xDF38,
    0xDF55, 0xE243, 0xE3A9, 0xE5AC, 0xE61F, 0xE8BA, 0xEB78, 0xEC38, 0xECAF, 0xECFA, 0x0034, 0x05D7,
    0x13D7, 0x1A7E, 0x213A, 0x2410, 0x3282, 0x41B3, 0x43BE, 0x4B84, 0x51CF, 0x6E78, 0x7A66, 0x7EFE,
    0x82D5, 0x91AA, 0x9351, 0x98FC, 0x9AB0, 0xA417, 0xB108, 0xB777, 0xC594, 0xCE8F, 0xD241, 0xDF36,
    0xDF38, 0xEF85, 0x0101, 0x0195, 0x0330, 0x05A2, 0x06EB, 0x0E2C, 0x113B, 0x1B4F, 0x1CBC, 0x1FD8,
    0x25A9, 0x29CA, 0x2A3F, 0x351C, 0x3E26, 0x3E6F, 0x448E, 0x45C1, 0x49CC, 0x530E, 0x58C0, 0x5CA9,
    0x5F45, 0x6653, 0x699D, 0x6CD1, 0x6F4A, 0x70A4, 0x7271, 0x72DE, 0x788E, 0x791D, 0x7A64, 0x7F1C,
    0x8479, 0x8626, 0x86B9, 0x86E0, 0x8B99, 0x8C24, 0x9040, 0x92BE, 0x95D0, 0x9C04, 0x9D24, 0xA2D1,
    0xA32A, 0xA45D, 0xAA18, 0xABF4, 0xAC98, 0xAD9E, 0xB086, 0xB472, 0xBB7D, 0xCC36, 0xCCC6, 0xD312,
    0xD921, 0xDDAC, 0xE180, 0xE509, 0xE623, 0xE9FA, 0xEEAD, 0xF091, 0xF103, 0xF23D, 0xF527, 0xFA9A,
    0xFC75, 0x0892, 0x0FF3, 0x1B47, 0x232E, 0x28DE, 0x2F68, 0x322F, 0x32D7, 0x3BDC, 0x3FD7, 0x4A40,
    0x5028, 0x56BB, 0x5A12, 0x5AB1, 0x5AD8, 0x6467, 0x6717, 0x732B, 0x8149, 0x832B, 0x89B7, 0x9D1E,
    0xA0A3, 0xABD6, 0xAC14, 0xB58A, 0xB95B, 0xC515, 0xCDF2, 0xD5D2, 0xD6C7, 0xDCBB, 0xFB08, 0xFBB0,
    0xFDE5, 0x00D7, 0x01B0, 0x03F6, 0x054C, 0x07F9, 0x088F, 0x08DF, 0x0A43, 0x0A9F, 0x0FF3, 0x10FA,
    0x14BC, 0x1537, 0x15D7, 0x1D30, 0x1DF8, 0x1EF3, 0x25B8, 0x2BD5, 0x2EEF, 0x33AB, 0x33E6, 0x34B8,
    0x350B, 0x3B8D, 0x3BA4, 0x409B, 0x40F0, 0x44B1, 0x46BE, 0x491B, 0x4D99, 0x4F5E, 0x5053, 0x5172,
    0x586B, 0x5AB5, 0x5F21, 0x5F5C, 0x622E, 0x632C, 0x6398, 0x6662, 0x68A5, 0x6A61, 0x6DD3, 0x71CB,
    0x77D7, 0x7D11, 0x8888, 0x8947, 0x89D8, 0x8C11, 0x8FB2, 0x9062, 0x920A, 0x9726, 0x9921, 0x9E00,
    0x9E98, 0xA050, 0xA297, 0xA4E8, 0xA507, 0xA75B, 0xAD06, 0xAF0F, 0xB064, 0xB072, 0xB08D, 0xB4BF,
    0xB746, 0xB806, 0xB8CC, 0xBF9E, 0xBFA8, 0xC3A6, 0xC5CB, 0xC99E, 0xCA39, 0xCAFA, 0xCC40, 0xCC62,
    0xCCE6, 0xCF78, 0xD05E, 0xD287, 0xD548, 0xD8EB, 0xD922, 0xD964, 0xDC70, 0xDE15, 0xE11C, 0xE67C,
    0xE845, 0xEE5C, 0xF094, 0xF096, 0xF1A4, 0xFADB, 0xFB10, 0xFC9B, 0x0017, 0x01B0, 0x0256, 0x03F6,
    0x0435, 0x07F9, 0x09FE, 0x0A9F, 0x0B58, 0x0B82, 0x0C8A, 0x0F7F, 0x0FF3, 0x1537, 0x16CE, 0x17E4,
    0x1968, 0x1D30, 0x20B1, 0x24E5, 0x25D1, 0x26E2, 0x2EEF, 0x33E6, 0x3867, 0x3B8D, 0x3F70, 0x40F0,
    0x44B1, 0x4BBB, 0x500A, 0x5651, 0x569B, 0x586B, 0x5AA5, 0x5BF9, 0x632C, 0x6398, 0x6682, 0x6CCB,
    0x6DD3, 0x705B, 0x73D7, 0x759B, 0x7754, 0x77D7, 0x78CC, 0x7BAA, 0x7C18, 0x7D11, 0x7D66, 0x8294,
    0x82E0, 0x86D4, 0x8701, 0x8947, 0x89D8, 0x8C11, 0x8E83, 0x8F55, 0x8FB2, 0x920A, 0x9228, 0x9905,
    0x9921, 0x9981, 0x9D98, 0x9DED, 0x9E00, 0xA297, 0xA3D9, 0xA4E8, 0xA507, 0xA51B, 0xAA3F, 0xAACA,
    0xAB27, 0xAB43, 0xAFC8, 0xB00B, 0xB08D, 0xB4C8, 0xB778, 0xB806, 0xB8CC, 0xBBAC, 0xBC0C, 0xBEBE,
    0xBEEF, 0xC117, 0xC3FD, 0xC99E, 0xC9A7, 0xCAFA, 0xCC40, 0xD021, 0xD05E, 0xD092, 0xD41A, 0xD548,
    0xD57C, 0xD95A, 0xDC70, 0xDFED, 0xE11C, 0xE965, 0xEA92, 0xEB6C, 0xEBB6, 0xEF37, 0xF480, 0xFADB,
    0xFB10, 0xFC9B, 0x010F, 0x0C7D, 0x0C83, 0x0EC8, 0x11D0, 0x1284, 0x128D, 0x146F, 0x1745, 0x17AE,
    0x1A15, 0x1C23, 0x2097, 0x2194, 0x2229, 0x2240, 0x249D, 0x2506, 0x25FE, 0x2600, 0x2604, 0x2611,
    0x27FB, 0x2882, 0x29DA, 0x2A04, 0x2A48, 0x2A92, 0x2CC9, 0x2EC5, 0x2FA6, 0x3003, 0x30D8, 0x31BA,
    0x337F, 0x3404, 0x36A7, 0x390B, 0x3982, 0x3A32, 0x3A4A, 0x3AD9, 0x3D14, 0x4003, 0x408F, 0x45D5,
    0x49E0, 0x4A49, 0x4A7B, 0x4DDD, 0x5183, 0x552C, 0x569A, 0x5959, 0x59DA, 0x5A4B, 0x5A71, 0x5AD6,
    0x5AD7, 0x5D79, 0x5E07, 0x5EDF, 0x6227, 0x63CE, 0x6506, 0x673D, 0x6A61, 0x6C76, 0x6D18, 0x6E6E,
    0x6EB1, 0x70B3, 0x7134, 0x7156, 0x734F, 0x73CA, 0x76BB, 0x776D, 0x780D, 0x787D, 0x7CB8, 0x7F6F,
    0x7F7A, 0x828C, 0x82B1, 0x85A8, 0x872C, 0x87E8, 0x8985, 0x8D2A, 0x9638, 0x9891, 0x9E6C, 0x9EE0,
    0x9F19, 0xA0A7, 0xA30E, 0xA3AF, 0xA418, 0xA501, 0xA637, 0xA7E3, 0xA949, 0xABC0, 0xACB4, 0xADC0,
    0xB1BD, 0xB246, 0xB33B, 0xB397, 0xB51D, 0xB64E, 0xB719, 0xB8C7, 0xBAFF, 0xBB23, 0xBBF7, 0xBD4E,
    0xBDBD, 0xC07C, 0xC410, 0xC6A1, 0xC952, 0xCCEA, 0xCEBA, 0xD211, 0xD45D, 0xD489, 0xD4B4, 0xD553,
    0xD5E9, 0xD9BB, 0xDAC3, 0xDBB9, 0xDF13, 0xDF30, 0xDFF8, 0xE1AA, 0xE2E3, 0xE6D9, 0xE815, 0xEB2B,
    0xEC18, 0xED07, 0xED61, 0xEF82, 0xF0F3, 0xF222, 0xF445, 0xF482, 0xF4A5, 0xF6A8, 0xF6D4, 0xF7CB,
    0xF8C4, 0xF986, 0xFB9C, 0xFDFE, 0xFF9D, 0x0017, 0x00A2, 0x01B0, 0x0266, 0x03EF, 0x03F6, 0x0435,
    0x054C, 0x0A43, 0x0C8A, 0x0FF3, 0x1537, 0x16CE, 0x190A, 0x1D30, 0x1ED6, 0x1F0F, 0x24E5, 0x2625,
    0x2778, 0x2BD5, 0x33E6, 0x350B, 0x3867, 0x409B, 0x4153, 0x4A21, 0x4B49, 0x4DD0, 0x4F5E, 0x500A,
    0x56EC, 0x5AB5, 0x5C98, 0x60CF, 0x632C, 0x74B5, 0x7509, 0x7845, 0x7C18, 0x7D11, 0x7D66, 0x854D,
    0x85B7, 0x86D4, 0x87B3, 0x89D8, 0x8C0E, 0x8C11, 0x8E83, 0x8F55, 0x9062, 0x920A, 0x9579, 0x9B69,
    0x9E00, 0xA12A, 0xA280, 0xA297, 0xA51B, 0xA75B, 0xA7AA, 0xA7EB, 0xAACA, 0xAB43, 0xAFC8, 0xB355,
    0xB44E, 0xB4BF, 0xB778, 0xB806, 0xB9D8, 0xBB0C, 0xBB46, 0xBBBC, 0xBC0C, 0xBDED, 0xBEBE, 0xBFA8,
    0xC3FD, 0xC427, 0xC675, 0xD05E, 0xD338, 0xD543, 0xD783, 0xD849, 0xD8EB, 0xDF15, 0xDFED, 0xE6D9,
    0xEA7B, 0xEB6C, 0xEBB6, 0xF094, 0xF096, 0xF468, 0xFADB, 0xFB10, 0x024C, 0x090E, 0x1136, 0x1198,
    0x149E, 0x16CC, 0x19CC, 0x2104, 0x24F6, 0x2F9D, 0x2FC2, 0x36A7, 0x37EC, 0x3AA9, 0x483E, 0x4ACC,
    0x4FDD, 0x58FF, 0x5F41, 0x5F53, 0x64A6, 0x64F0, 0x6A5F, 0x6C7F, 0x7398, 0x744C, 0x7694, 0x780D,
    0x841B, 0x85D4, 0x862D, 0x8A45, 0x8C8D, 0x9D7A, 0xA68A, 0xA988, 0xAE6F, 0xB3D6, 0xB4A9, 0xB7F7,
    0xC282, 0xC316, 0xC928, 0xCF12, 0xDB5B, 0xE3F7, 0xE5C3, 0xE93C, 0xEA51, 0xEB30, 0xED66, 0xF497,
    0xF922, 0xF97B, 0xFB41, 0x0FA6, 0x103B, 0x14AB, 0x208A, 0x3951, 0x3C6B, 0x4438, 0x44D1, 0x54FD,
    0x57DD, 0x5AA7, 0x5FE7, 0x755D, 0x8851, 0x95B5, 0xA441, 0xCB07, 0xD187, 0xE85E, 0xE8CB, 0xE948,
    0xEF9D, 0x0226, 0x02DD, 0x0607, 0x060B, 0x06A5, 0x083C, 0x08A2, 0x0A4C, 0x0B26, 0x0D95, 0x0F48,
    0x10C7, 0x127C, 0x15FD, 0x197B, 0x19C9, 0x1BD9, 0x1D70, 0x24FC, 0x26A7, 0x2E58, 0x2E77, 0x2EA5,
    0x302C, 0x3030, 0x3078, 0x311A, 0x3140, 0x32E0, 0x34D5, 0x35A2, 0x3612, 0x390B, 0x3B53, 0x3BE7,
    0x3CF7, 0x49BF, 0x4D20, 0x4D83, 0x4F48, 0x4F8F, 0x4FA1, 0x5072, 0x50EF, 0x580C, 0x5C01, 0x5DAE,
    0x5E40, 0x5F6C, 0x61DD, 0x65E4, 0x660D, 0x68E9, 0x69C9, 0x6A7B, 0x6E85, 0x6F09, 0x6F68, 0x6FFA,
    0x7087, 0x73EF, 0x758F, 0x7770, 0x777A, 0x7A8A, 0x7D8C, 0x7F4D, 0x8008, 0x8370, 0x839A, 0x84D1,
    0x8566, 0x87C5, 0x8BCD, 0x8E12, 0x8F98, 0x9263, 0x9825, 0x994C, 0x9DD5, 0x9F59, 0xA065, 0xA126,
    0xA174, 0xAE87, 0xB12F, 0xB1DD, 0xB285, 0xB2F9, 0xB428, 0xB45A, 0xB673, 0xB6A6, 0xB735, 0xB829,
    0xBB55, 0xBDDC, 0xBE89, 0xBFBB, 0xC0D4, 0xC191, 0xC458, 0xC4DD, 0xCB56, 0xCD0B, 0xCD20, 0xCD50,
    0xCE33, 0xD299, 0xD686, 0xD76B, 0xD924, 0xD9BF, 0xE77B, 0xEA24, 0xEC2F, 0xEC55, 0xED46, 0xEFE5,
    0xF1A1, 0xF618, 0xF686, 0xF805, 0xF97D, 0xFB68, 0xFF7F, 0x0049, 0x01BA, 0x03F6, 0x0986, 0x0B70,
    0x0CF0, 0x0D61, 0x0FC4, 0x114B, 0x211D, 0x26E2, 0x279A, 0x2A7F, 0x2F5C, 0x30D2, 0x3113, 0x36DF,
    0x3834, 0x38D5, 0x3CE9, 0x41B0, 0x464D, 0x4688, 0x4B9B, 0x4BC4, 0x4FB9, 0x50D1, 0x53E8, 0x54FA,
    0x588B, 0x5974, 0x5BBD, 0x5FFC, 0x635F, 0x6A59, 0x7334, 0x73C5, 0x74AD, 0x7539, 0x7783, 0x7C0F,
    0x7CF0, 0x7F56, 0x8130, 0x8196, 0x82C2, 0x8B3D, 0x8DDD, 0x8FDA, 0x9307, 0x9590, 0x95ED, 0x9D5E,
    0x9DB0, 0x9E52, 0xA0AA, 0xA3A7, 0xA759, 0xA7DD, 0xAFB8, 0xB2C5, 0xB69C, 0xC087, 0xC0B2, 0xC288,
    0xC51E, 0xC563, 0xC846, 0xC85B, 0xCA29, 0xCC9A, 0xD197, 0xD1DA, 0xD450, 0xD5EE, 0xD7BB, 0xD98C,
    0xDA31, 0xDEED, 0xEC85, 0xEE6D, 0xF01F, 0xF043, 0xF16A, 0xFA53, 0xFBC9, 0xFC35, 0x013A, 0x03D2,
    0x0684, 0x0AE0, 0x0BEC, 0x0CF3, 0x14FC, 0x1757, 0x1841, 0x1937, 0x1968, 0x2974, 0x2A50, 0x2B67,
    0x3250, 0x33A4, 0x3B72, 0x4245, 0x4AEE, 0x4E5D, 0x5D02, 0x6801, 0x6F3A, 0x702B, 0x7358, 0x75EE,
    0x76B0, 0x8F76, 0x901B, 0x9483, 0x9547, 0x97DA, 0x99E9, 0x9CAA, 0x9F36, 0xA066, 0xA2BC, 0xA312,
    0xAD0B, 0xAF4E, 0xB002, 0xB666, 0xBAAA, 0xBE4A, 0xC471, 0xC4E0, 0xC625, 0xC8D5, 0xCABF, 0xCC0B,
    0xCD0E, 0xCE4E, 0xD16F, 0xD1F7, 0xD67F, 0xDB33, 0xE2D3, 0xE436, 0xE91F, 0xEB96, 0xFA0B, 0xFC35,
    0xFD8E, 0xFE08, 0x054F, 0x0839, 0x0A6D, 0x0C1B, 0x0F5B, 0x1336, 0x13C8, 0x186E, 0x19AE, 0x1B0D,
    0x286E, 0x2FEE, 0x382E, 0x3926, 0x40DB, 0x4588, 0x4660, 0x47B1, 0x5B3F, 0x5FEF, 0x6709, 0x6ABC,
    0x6FF2, 0x88AB, 0x8F7F, 0x9323, 0x9741, 0x9742, 0xA387, 0xA4C6, 0xA53C, 0xA7D1, 0xAD9A, 0xAFF7,
    0xB0A1, 0xB1FC, 0xB2F7, 0xBA87, 0xC387, 0xC526, 0xC7F1, 0xCA7A, 0xD528, 0xD560, 0xD7D6, 0xD7F1,
    0xDF10, 0xDF79, 0xE243, 0xE4E9, 0xE67F, 0xE9D2, 0xEA0A, 0xEA9B, 0xEDBF, 0xEDE7, 0xF01B, 0xF3E6,
    0xF6C4, 0x00F7, 0x0408, 0x0AF3, 0x0CB8, 0x162E, 0x1F92, 0x28B6, 0x2A92, 0x2FF7, 0x33AD, 0x3951,
    0x3C0A, 0x3FE4, 0x4095, 0x42B9, 0x460E, 0x4830, 0x4E8C, 0x54D5, 0x5C16, 0x5FEF, 0x62FA, 0x64DC,
    0x6802, 0x69D5, 0x6D54, 0x6FEB, 0x76B8, 0x7943, 0x7DA8, 0x7FD4, 0x802A, 0x92E9, 0x93D8, 0xA329,
    0xABC8, 0xAC3B, 0xAD99, 0xAE34, 0xB10B, 0xB2FB, 0xB5BC, 0xBCF1, 0xC211, 0xDC27, 0xDCE4, 0xE1FA,
    0xEA0A, 0xEB56, 0xEDC7, 0xEE85, 0xEF3C, 0xFA79, 0xFF5F, 0x197C, 0x1CBC, 0x26C1, 0x28A1, 0x350E,
    0x382E, 0x40CE, 0x496D, 0x49A4, 0x4CAE, 0x51ED, 0x5612, 0x58D2, 0x5F92, 0x64E2, 0x6BA3, 0x703A,
    0x709E, 0x7BE4, 0x7F6A, 0x8BF0, 0x975D, 0x9B6E, 0x9B9E, 0xA383, 0xA51B, 0xA819, 0xAB5F, 0xB2F9,
    0xB9F5, 0xC3C2, 0xC3D5, 0xCE7F, 0xD1A5, 0xD1D0, 0xD2EF, 0xD5CA, 0xD847, 0xDB72, 0xDE13, 0xDF68,
    0xE244, 0xE24C, 0xF16E, 0xF892, 0x0122, 0x07C6, 0x0B8E, 0x0F6C, 0x18C0, 0x194A, 0x1B6C, 0x1BBF,
    0x1BF3, 0x1CA3, 0x1E26, 0x2246, 0x22B7, 0x2E26, 0x311A, 0x343B, 0x3508, 0x38D0, 0x3F10, 0x412A,
    0x464E, 0x4A80, 0x4B84, 0x50FB, 0x5111, 0x5592, 0x5833, 0x5AEB, 0x5F86, 0x6A59, 0x6CF4, 0x7019,
    0x70D4, 0x725D, 0x757E, 0x7775, 0x7E5F, 0x7EFE, 0x7FC7, 0x84CD, 0x85B8, 0x8A3A, 0x8A94, 0x8C97,
    0x910B, 0x91F8, 0x9950, 0x9B3A, 0x9C86, 0x9DA9, 0x9E52, 0xA2F6, 0xA947, 0xAAF1, 0xAB5D, 0xAB76,
    0xADFE, 0xB3BF, 0xB660, 0xBB70, 0xBCF6, 0xBD23, 0xBDDC, 0xC479, 0xCA81, 0xCCB8, 0xCCF0, 0xCD99,
    0xCE17, 0xD450, 0xD516, 0xD725, 0xD727, 0xEAA8, 0xEAFD, 0xEB70, 0xED36, 0xF413, 0xF534, 0xFB0C,
    0xFB5C, 0xFD7A, 0xFEBD, 0x0A44, 0x0CFF, 0x1331, 0x1C91, 0x1F8B, 0x4502, 0x49D2, 0x55B0, 0x56BB,
    0x58D6, 0x5FD0, 0x7855, 0x7956, 0x7FA6, 0x842C, 0x8FA5, 0x9584, 0x9FB2, 0xA11B, 0xA3FB, 0xA514,
    0xA793, 0xAB2F, 0xAD5A, 0xB010, 0xB66A, 0xB932, 0xBEBB, 0xCA17, 0xDB72, 0xDEA3, 0xDF2B, 0xE215,
    0xE3C4, 0xE3C9, 0xE840, 0xE8A2, 0xF3D3, 0xFD26, 0xFE12, 0x0EDA, 0x1ADD, 0x2559, 0x2B12, 0x56A6,
    0x56BB, 0x586B, 0x586E, 0x7D8D, 0x82F6, 0x8952, 0x976F, 0xA8D0, 0xADDE, 0xB546, 0xB991, 0xC8C2,
    0xCAA7, 0xCD34, 0xFDB8, 0x080A, 0x0A4C, 0x17E4, 0x1D43, 0x26CD, 0x311A, 0x322F, 0x3893, 0x3DE4,
    0x48CD, 0x68C9, 0x8189, 0x8CA2, 0x9E77, 0xA58A, 0xB375, 0xB673, 0xCBD6, 0xCF90, 0xD875, 0xDC60,
    0xDF6B, 0xEB7F, 0xED95, 0xEED2, 0xEFB3, 0xF0E8, 0xF983, 0xFD85, 0xFDB9, 0x0191, 0x0243, 0x026B,
    0x045B, 0x08C4, 0x1043, 0x165B, 0x20C3, 0x2446, 0x2630, 0x26DD, 0x29B9, 0x2E9B, 0x3265, 0x35FB,
    0x39A0, 0x3A5E, 0x3AE7, 0x3FD7, 0x42CD, 0x4B01, 0x4B6D, 0x520B, 0x52C1, 0x5360, 0x5386, 0x56D5,
    0x5757, 0x58EF, 0x5AB8, 0x60BB, 0x6101, 0x6511, 0x6770, 0x6A61, 0x6E8E, 0x6F2B, 0x76EC, 0x792B,
    0x7962, 0x8061, 0x80D4, 0x819E, 0x84CD, 0x8C60, 0x8FAF, 0x91FC, 0x9577, 0x9798, 0x9C70, 0x9DBD,
    0xA224, 0xA257, 0xA2E4, 0xA613, 0xA8F7, 0xAF10, 0xAF46, 0xB1BD, 0xB3BF, 0xB51D, 0xB7B4, 0xC097,
    0xC47A, 0xCABB, 0xD103, 0xD464, 0xD516, 0xD721, 0xD9D0, 0xD9D8, 0xDE3B, 0xDE63, 0xE11B, 0xE518,
    0xE919, 0xEB6D, 0xEE31, 0xF72C, 0xF78C, 0xF9DA, 0xFCC6, 0xFF23, 0xFF35, 0x024C, 0x0648, 0x0BD7,
    0x0E0D, 0x11DD, 0x1477, 0x1510, 0x168A, 0x1A03, 0x1EF1, 0x24C6, 0x2529, 0x2B2F, 0x2C8E, 0x32E4,
    0x3303, 0x34E1, 0x3920, 0x3B51, 0x3C39, 0x41E9, 0x4271, 0x444F, 0x4A9F, 0x4D7E, 0x4E8E, 0x52B1,
    0x578B, 0x5EC3, 0x6106, 0x6917, 0x6B26, 0x6BCB, 0x6DF2, 0x6F33, 0x6F73, 0x7429, 0x7589, 0x76A5,
    0x7897, 0x8214, 0x8516, 0x8531, 0x8AC1, 0x8B06, 0x8BC4, 0x9012, 0x905D, 0x9338, 0xA19C, 0xA2D1,
    0xAA39, 0xAC0C, 0xB3EC, 0xB40A, 0xB457, 0xB84F, 0xC493, 0xC535, 0xCC4A, 0xD203, 0xD21F, 0xE1EE,
    0xE4E8, 0xE964, 0xEDF6, 0xEE1E, 0xF5D9, 0xF922, 0x00FD, 0x0380, 0x05A4, 0x05BF, 0x06C5, 0x0BCE,
    0x0EA9, 0x0EFA, 0x0F73, 0x0FA9, 0x1832, 0x1A5A, 0x1A78, 0x1AED, 0x1EC1, 0x2184, 0x278F, 0x3296,
    0x350A, 0x36ED, 0x3732, 0x37A2, 0x37EC, 0x38D6, 0x397D, 0x398D, 0x39E7, 0x3A70, 0x41D2, 0x420E,
    0x438B, 0x43F2, 0x449C, 0x4521, 0x4668, 0x47F6, 0x4D87, 0x569A, 0x5775, 0x57DD, 0x5B8F, 0x5E0D,
    0x5FE7, 0x641C, 0x6445, 0x6551, 0x65A6, 0x6A18, 0x6A61, 0x6DA0, 0x6EC5, 0x710C, 0x74D0, 0x75CA,
    0x76CC, 0x78BB, 0x7FA0, 0x8358, 0x859E, 0x8804, 0x8A28, 0x8C8D, 0x8D7C, 0x8F08, 0x90FE, 0x931E,
    0x93AF, 0x979E, 0x989B, 0x9E8B, 0xA384, 0xA639, 0xA767, 0xA8D4, 0xA8E2, 0xA8EB, 0xAA82, 0xADF4,
    0xB12B, 0xB187, 0xB1C8, 0xB84A, 0xBB91, 0xBBDD, 0xBC76, 0xBCB7, 0xC622, 0xC768, 0xC8F1, 0xC8F8,
    0xCF70, 0xD021, 0xD803, 0xDA55, 0xDB85, 0xDC18, 0xDC26, 0xDC87, 0xDE6E, 0xE25B, 0xE2CE, 0xE52B,
    0xE67B, 0xE85E, 0xEF36, 0xF534, 0xF7B9, 0xFB11, 0x00D7, 0x0576, 0x09CA, 0x0A4C, 0x0F86, 0x10CE,
    0x1579, 0x15A8, 0x174F, 0x1996, 0x1F1E, 0x2112, 0x2277, 0x24B7, 0x252E, 0x2567, 0x27C5, 0x2EA0,
    0x322F, 0x33A4, 0x34E1, 0x3A1D, 0x4101, 0x4631, 0x481F, 0x49EA, 0x4F4C, 0x552C, 0x5533, 0x59BC,
    0x5A8E, 0x5AD1, 0x5B03, 0x5BB6, 0x5CB9, 0x61F0, 0x6C4A, 0x6D4A, 0x6D4C, 0x6E23, 0x6FE4, 0x725D,
    0x73AF, 0x73E5, 0x763F, 0x7753, 0x7769, 0x7D66, 0x7D6A, 0x7D89, 0x7F5E, 0x880D, 0x8833, 0x8856,
    0x8B2E, 0x8BF4, 0x8E42, 0x9101, 0x912C, 0x9163, 0x9312, 0x96AE, 0x9AF5, 0x9B1E, 0x9D55, 0x9E91,
    0xAB61, 0xAC1C, 0xAEA2, 0xB0AC, 0xB42D, 0xB7BE, 0xB7E0, 0xBAFC, 0xBB40, 0xBBD6, 0xC185, 0xC216,
    0xC321, 0xC36E, 0xC3FA, 0xC706, 0xC948, 0xC9C4, 0xCD7B, 0xD553, 0xDCA5, 0xE1B3, 0xECF6, 0xEF8A,
    0xEFB3, 0xF0F5, 0xF221, 0xF5DE, 0xF94C, 0xF991, 0xFA71, 0x0265, 0x0BD2, 0x0F6C, 0x10EA, 0x1182,
    0x140D, 0x158A, 0x19EA, 0x1F47, 0x26C1, 0x2C0B, 0x2CDD, 0x3318, 0x3776, 0x3AA7, 0x3D74, 0x429C,
    0x44F4, 0x4580, 0x4720, 0x4838, 0x4DAD, 0x4F25, 0x51A1, 0x5235, 0x53F7, 0x54E0, 0x6133, 0x62BC,
    0x660C, 0x679A, 0x6FAB, 0x78E4, 0x7EC7, 0x7F7E, 0x85AE, 0x8AF8, 0x8F19, 0x93A1, 0x940F, 0x9B02,
    0xA7B6, 0xAE99, 0xAEA7, 0xAEB1, 0xAF63, 0xB011, 0xB40B, 0xB5BB, 0xB784, 0xCC4A, 0xCCA9, 0xCED2,
    0xD87A, 0xDB10, 0xE643, 0xE88B, 0xF076, 0xF632, 0xFAD1, 0xFAF8, 0xFC89, 0xFE76, 0x04B7, 0x0AF3,
    0x1EF1, 0x2180, 0x25C7, 0x2F1E, 0x31E3, 0x38EE, 0x3D0D, 0x408B, 0x44F4, 0x4580, 0x4720, 0x4CB5,
    0x5235, 0x5404, 0x5AA1, 0x5E00, 0x5F87, 0x614A, 0x63FC, 0x687A, 0x74E2, 0x78E4, 0x7964, 0x79D3,
    0x7E13, 0x7F7E, 0x80D7, 0x8348, 0x8471, 0x92FD, 0x9538, 0x9729, 0x9872, 0x9B02, 0x9C2D, 0xA29A,
    0xA3FE, 0xA789, 0xA830, 0xA8D9, 0xAE3B, 0xAEB1, 0xB16C, 0xB421, 0xB784, 0xBA77, 0xBDA0, 0xC05C,
    0xC126, 0xC2AB, 0xC594, 0xCEC8, 0xCED2, 0xD995, 0xDBD3, 0xDFBD, 0xE399, 0xE4ED, 0xE88B, 0xEBE6,
    0xEC12, 0xEF62, 0xF1CC, 0xF377, 0xF67C, 0xF7AB, 0xF894, 0xFAD1, 0xFC66, 0xFDA9, 0x091A, 0x0A2A,
    0x0D81, 0x1902, 0x1C71, 0x26AC, 0x459A, 0x5101, 0x5688, 0x59DD, 0x606A, 0x6A2F, 0x72CE, 0x75CD,
    0x7BC5, 0x8892, 0x8B37, 0x8CA1, 0x8DF6, 0x9296, 0x978F, 0xA26C, 0xAFB2, 0xBF20, 0xBFA7, 0xBFBE,
    0xCB3B, 0xD80F, 0xD869, 0xDCB5, 0xE0D1, 0xE4B2, 0xE8DC, 0xF57B, 0x00DC, 0x0153, 0x078A, 0x07FF,
    0x0C1D, 0x154C, 0x18B9, 0x195E, 0x1B15, 0x1B20, 0x203F, 0x21E5, 0x2270, 0x24FB, 0x2563, 0x273D,
    0x2762, 0x2A08, 0x2BDC, 0x2F9B, 0x34E0, 0x34F1, 0x3592, 0x391E, 0x3BB7, 0x3CA9, 0x3D13, 0x46AA,
    0x480D, 0x4A0B, 0x4A94, 0x4B5D, 0x4B98, 0x4C86, 0x5C97, 0x61B8, 0x627A, 0x6544, 0x679A, 0x72FB,
    0x7306, 0x7718, 0x78A5, 0x875E, 0x8855, 0x88BF, 0x8955, 0x8BBF, 0x90F1, 0x9448, 0x98FF, 0x9E8D,
    0x9FB2, 0x9FDA, 0xA049, 0xA114, 0xA1A9, 0xA203, 0xA9D3, 0xAB9A, 0xAC3F, 0xAE5C, 0xB1C4, 0xB2E5,
    0xB4D0, 0xB732, 0xBB19, 0xBF02, 0xC1A4, 0xCC9F, 0xCE22, 0xCEFB, 0xCF20, 0xD2DD, 0xD2E7, 0xD516,
    0xD722, 0xDA7C, 0xDA87, 0xE163, 0xE30A, 0xE360, 0xE40C, 0xE4BF, 0xE57D, 0xEBF5, 0xF798, 0xF85E,
    0xF9A3, 0xFA5C, 0xFD2C, 0x05F2, 0x0674, 0x10E1, 0x199C, 0x1AF7, 0x1D1B, 0x1E61, 0x2559, 0x2C0C,
    0x30F8, 0x3526, 0x380C, 0x39B9, 0x3AFD, 0x3E55, 0x3F0C, 0x496D, 0x4E98, 0x4FEA, 0x62F7, 0x642C,
    0x6697, 0x6F4A, 0x73AF, 0x7E25, 0x97A1, 0x9873, 0x99C7, 0x9CA7, 0xA2E9, 0xA3B2, 0xA9E9, 0xADF7,
    0xB498, 0xBAF4, 0xC69E, 0xC9C4, 0xCE4F, 0xD2F4, 0xD3FD, 0xD48B, 0xD6C1, 0xDC8E, 0xDCD7, 0xE07A,
    0xEA9B, 0xEB25, 0xF1F6, 0xF30F, 0x024C, 0x0435, 0x103B, 0x1DDE, 0x2181, 0x26E1, 0x4715, 0x4BB2,
    0x4C49, 0x5802, 0x58C7, 0x58FC, 0x5951, 0x81B3, 0x823B, 0xA1E9, 0xA43A, 0xA46E, 0xAE87, 0xAEFA,
    0xB35B, 0xBCF1, 0xBE5A, 0xBF46, 0xC351, 0xE029, 0xF97B, 0x02C0, 0x0529, 0x126D, 0x1514, 0x1E47,
    0x2339, 0x263B, 0x270F, 0x2BC2, 0x3B7C, 0x3C94, 0x3DAF, 0x408D, 0x4652, 0x4684, 0x46D4, 0x489A,
    0x48DC, 0x4A43, 0x4B22, 0x4E8C, 0x4E92, 0x4F0B, 0x5389, 0x5600, 0x5670, 0x5A16, 0x5D3C, 0x62D0,
    0x6434, 0x66BF, 0x69D5, 0x6A99, 0x6B90, 0x6FD3, 0x733B, 0x7C56, 0x8184, 0x8C15, 0x8E14, 0x94D8,
    0xA447, 0xA533, 0xA7DC, 0xAD11, 0xCBF9, 0xCC9C, 0xD1F4, 0xD38A, 0xD85C, 0xDA12, 0xF7D1, 0xFA2E,
    0xFB0B, 0xFEDB, 0x04A2, 0x0A05, 0x0B92, 0x0C5E, 0x0CDF, 0x0DA9, 0x1804, 0x1B3B, 0x2091, 0x20AB,
    0x2274, 0x29B5, 0x2D07, 0x2F55, 0x30F9, 0x3287, 0x3288, 0x3B90, 0x3D1A, 0x3E73, 0x3EC5, 0x447F,
    0x4870, 0x49D3, 0x4C48, 0x4D13, 0x4D7C, 0x4E5E, 0x4EAE, 0x4F6E, 0x5094, 0x5489, 0x5658, 0x573C,
    0x5869, 0x5E65, 0x5F93, 0x6007, 0x60D9, 0x6644, 0x6B3B, 0x6B90, 0x6E45, 0x712F, 0x713D, 0x7276,
    0x73A1, 0x7420, 0x7747, 0x792F, 0x8104, 0x811C, 0x8505, 0x8529, 0x85AF, 0x896F, 0x8CFE, 0x8E1D,
    0x9318, 0x9CD2, 0xA13A, 0xA541, 0xA724, 0xA7F4, 0xA9CF, 0xAC0A, 0xAE49, 0xB512, 0xBB87, 0xC2D4,
    0xC77B, 0xCADD, 0xCBE7, 0xCEAA, 0xD136, 0xD532, 0xD549, 0xDA59, 0xDD8A, 0xE4F1, 0xE61F, 0xE9ED,
    0xEB35, 0xEBD3, 0xF314, 0xF80E, 0xFD91, 0xFE9C, 0x037D, 0x041B, 0x098A, 0x0E2B, 0x14A1, 0x1538,
    0x17C1, 0x1C9D, 0x1FC4, 0x20CB, 0x2C23, 0x333E, 0x3527, 0x3E13, 0x3FF3, 0x4180, 0x4880, 0x4C12,
    0x500C, 0x531A, 0x5616, 0x57D5, 0x5FBF, 0x62FC, 0x6644, 0x67C9, 0x696D, 0x7308, 0x73FB, 0x7805,
    0x786D, 0x78B6, 0x8787, 0x89AA, 0x8A7B, 0x8AAB, 0x915B, 0x99CC, 0xA630, 0xAE1B, 0xB40B, 0xB876,
    0xBD94, 0xBF2C, 0xC366, 0xC3D0, 0xC73C, 0xC7BE, 0xCA66, 0xCFE4, 0xCFE6, 0xD8BF, 0xD960, 0xD9C2,
    0xDA1C, 0xDBEE, 0xDC38, 0xDFB2, 0xE358, 0xEB35, 0xFC9D, 0xFDE5, 0x03AD, 0x098B, 0x0A74, 0x1025,
    0x12E9, 0x12FE, 0x13FA, 0x14DC, 0x1B97, 0x1DA0, 0x2845, 0x2CA6, 0x2CE3, 0x3364, 0x3419, 0x409B,
    0x428C, 0x534B, 0x54C4, 0x5581, 0x594E, 0x5959, 0x5C51, 0x656C, 0x660F, 0x669E, 0x70E2, 0x7244,
    0x7D8C, 0x855F, 0x871F, 0x8C17, 0x9034, 0x913B, 0x948D, 0x99AA, 0x9BDE, 0x9D9B, 0xB011, 0xB034,
    0xB4D0, 0xBA32, 0xBC76, 0xBD82, 0xC7A1, 0xC90C, 0xCC4A, 0xCF2E, 0xD448, 0xD709, 0xD772, 0xEA2F,
    0xF1A2, 0xF7E4, 0xF87C, 0x031D, 0x08CA, 0x09A0, 0x0BBE, 0x0BCE, 0x0DC2, 0x0E2B, 0x0FF3, 0x1144,
    0x1529, 0x1726, 0x17DE, 0x224A, 0x22BB, 0x2620, 0x2652, 0x29AB, 0x2CEF, 0x3338, 0x337D, 0x341B,
    0x3669, 0x36C2, 0x3E25, 0x3FAE, 0x403E, 0x40C7, 0x41E9, 0x43F2, 0x4543, 0x4792, 0x4825, 0x574E,
    0x5F30, 0x67D1, 0x68AB, 0x6D6C, 0x71C0, 0x7486, 0x7490, 0x751D, 0x798F, 0x7AB4, 0x7AB9, 0x828E,
    0x84E6, 0x8C01, 0x8E82, 0x8FAB, 0x9402, 0x9599, 0x9809, 0x9A02, 0x9C9C, 0xA2A2, 0xA7AC, 0xA838,
    0xAA2B, 0xAA9E, 0xAC11, 0xB12B, 0xB2DD, 0xB346, 0xB419, 0xB679, 0xB93C, 0xB9C0, 0xBEBB, 0xC02D,
    0xC173, 0xC54F, 0xC652, 0xC68C, 0xC725, 0xC781, 0xCBAB, 0xCDCF, 0xCFD7, 0xD27D, 0xD294, 0xD2EF,
    0xD791, 0xDE6C, 0xDF66, 0xE229, 0xE4E1, 0xE4E1, 0xE5DC, 0xE70F, 0xE737, 0xE8DE, 0xE9DD, 0xEB12,
    0xED55, 0xEF47, 0xFA05, 0xFD8E, 0x04AC, 0x0D09, 0x0EC9, 0x0FDA, 0x10D3, 0x1677, 0x1736, 0x197B,
    0x19D8, 0x1A68, 0x1C82, 0x2070, 0x2091, 0x25B6, 0x26CD, 0x2800, 0x286F, 0x2EF8, 0x2FA4, 0x2FAD,
    0x3092, 0x3353, 0x3426, 0x34AB, 0x34F6, 0x36ED, 0x3876, 0x3BF4, 0x3DB2, 0x4125, 0x4577, 0x494C,
    0x4C48, 0x4D7C, 0x5119, 0x5362, 0x5364, 0x54D9, 0x58A4, 0x593A, 0x6896, 0x6A7B, 0x712F, 0x72FC,
    0x7C39, 0x82CB, 0x8988, 0x8A8F, 0x8C8C, 0x8D5D, 0x9052, 0xA295, 0xA384, 0xA412, 0xA4B6, 0xA639,
    0xAAD3, 0xAC6E, 0xAD5D, 0xB067, 0xB093, 0xB0AD, 0xB268, 0xB3B4, 0xB5F7, 0xBF4A, 0xC109, 0xCB42,
    0xCBD6, 0xCDE8, 0xCE28, 0xCF93, 0xD074, 0xD3AF, 0xD580, 0xD781, 0xD814, 0xDB85, 0xDE6E, 0xDE89,
    0xDF40, 0xDFB2, 0xE0EB, 0xE5B3, 0xE8B4, 0xEB35, 0xEC8F, 0xF03E, 0xF1FD, 0xF638, 0xFC3B, 0xFDB9,
    0xFEB0, 0x03F8, 0x0435, 0x08A6, 0x0A35, 0x2634, 0x28FE, 0x29B9, 0x2CF1, 0x3106, 0x3378, 0x3DDC,
    0x4008, 0x402B, 0x411C, 0x4236, 0x4398, 0x43E1, 0x44BC, 0x4E8C, 0x5403, 0x5D7A, 0x6A1B, 0x6DE1,
    0x7507, 0x755D, 0x865F, 0x871E, 0x88A3, 0x89E8, 0x94F8, 0x996B, 0x9DA4, 0xA2CB, 0xA885, 0xA9FC,
    0xBA77, 0xC05C, 0xC288, 0xD0F3, 0xD221, 0xD3F1, 0xD6ED, 0xD9C8, 0xDB95, 0xEB98, 0xEF3C, 0xFD1A,
    0xFD78, 0x027D, 0x0435, 0x1B83, 0x2523, 0x366E, 0x501C, 0x51B6, 0x59A0, 0x5AB2, 0x5C3D, 0x62D3,
    0x664F, 0x67B2, 0x755D, 0x7797, 0x7914, 0x7A33, 0x7E18, 0x88F1, 0x8C5E, 0x8F20, 0x920D, 0x9DAF,
    0xA131, 0xA1FA, 0xA7B5, 0xB044, 0xB10C, 0xBB66, 0xBE0F, 0xC9F3, 0xCEC8, 0xD03C, 0xD711, 0xE266,
    0xEAFD, 0xEDFF, 0xEFA4, 0x0256, 0x041B, 0x05BC, 0x116D, 0x1260, 0x17CD, 0x19F6, 0x1CC3, 0x22FF,
    0x23DB, 0x2642, 0x278F, 0x2872, 0x3378, 0x3500, 0x35B6, 0x37BE, 0x3B8D, 0x3CFA, 0x3E42, 0x3ED6,
    0x406D, 0x44A1, 0x4A58, 0x5809, 0x584C, 0x5A0B, 0x65C6, 0x6662, 0x6C77, 0x6DD3, 0x7158, 0x7336,
    0x7404, 0x7432, 0x744C, 0x7621, 0x77DD, 0x7F58, 0x8171, 0x89D4, 0x8B43, 0x8ED3, 0x9109, 0x9532,
    0x9532, 0x95D0, 0xA533, 0xA6B2, 0xA72D, 0xA74D, 0xAB24, 0xACEA, 0xADE1, 0xB149, 0xB15D, 0xB17A,
    0xBAC2, 0xBE3A, 0xC24A, 0xC271, 0xC2DB, 0xC68C, 0xC78B, 0xCBF9, 0xCBFD, 0xCEAD, 0xD035, 0xD0C5,
    0xD6ED, 0xDA36, 0xDBA5, 0xDD44, 0xDD7A, 0xDD7E, 0xE29D, 0xE3FE, 0xE414, 0xE69D, 0xE834, 0xEA2B,
    0xEA97, 0xEFA4, 0xF031, 0xF559, 0xF636, 0xF743, 0xF8CB, 0xFB1D, 0xFCA5, 0x02A3, 0x03AD, 0x03DE,
    0x0423, 0x11FE, 0x1414, 0x1615, 0x172B, 0x17E4, 0x197B, 0x19E0, 0x1C32, 0x2588, 0x261B, 0x2739,
    0x3823, 0x3BFD, 0x3CE4, 0x3D84, 0x40DE, 0x411B, 0x4143, 0x45D6, 0x488E, 0x4F12, 0x5149, 0x51D0,
    0x53FA, 0x56DB, 0x58F0, 0x5959, 0x5DAE, 0x6156, 0x62A9, 0x656C, 0x6673, 0x68FA, 0x6C07, 0x6FB6,
    0x7065, 0x7244, 0x72E1, 0x7902, 0x7980, 0x7C91, 0x8462, 0x865D, 0x879F, 0x87FB, 0x8891, 0x9381,
    0x9BDA, 0xA016, 0xA203, 0xA401, 0xA9CB, 0xAA3F, 0xB1C5, 0xB365, 0xBA30, 0xBE22, 0xBF04, 0xC58D,
    0xC9B3, 0xCA5A, 0xCB75, 0xCD99, 0xDABF, 0xDB9F, 0xDBA0, 0xDF2A, 0xE438, 0xE647, 0xEB70, 0xF0E4,
    0xF0E8, 0xF689, 0x6782, 0x7C2E, 0xADF7, 0xDDC7, 0xF2DE, 0xFCD9, 0x0C8F, 0x1BA4, 0x1BDA, 0x21F6,
    0x2342, 0x24F3, 0x29F7, 0x2E78, 0x365E, 0x371E, 0x3F59, 0x4238, 0x42DA, 0x46AF, 0x48A7, 0x4BDB,
    0x4BE9, 0x4C82, 0x5783, 0x63EF, 0x63FC, 0x690C, 0x6B81, 0x6FF2, 0x71D1, 0x7A03, 0x7DB3, 0x7F81,
    0x8BA0, 0x9081, 0x96CF, 0x9A4B, 0xA393, 0xA53C, 0xA73D, 0xAF9D, 0xB0A1, 0xBBEB, 0xBFFB, 0xC75B,
    0xCD1F, 0xD62C, 0xD67B, 0xDAEC, 0xDBC8, 0xDF79, 0xE542, 0xE5E5, 0xE763, 0xF69C, 0xFC3B, 0x0839,
    0x0935, 0x0D0D, 0x0DC2, 0x1025, 0x10C8, 0x1234, 0x1384, 0x1865, 0x1C03, 0x2493, 0x2A11, 0x41F0,
    0x459A, 0x4AC0, 0x4C16, 0x50C3, 0x5360, 0x5688, 0x5C37, 0x5D03, 0x65C9, 0x6A61, 0x6BCD, 0x6F0D,
    0x7244, 0x76F1, 0x83F6, 0x867A, 0x8782, 0x8A8A, 0x9227, 0x9C70, 0x9C85, 0x9E0B, 0x9FB9, 0xA01F,
    0xA1D7, 0xAC89, 0xAD20, 0xBB10, 0xBC61, 0xBFFD, 0xC086, 0xC7F1, 0xD074, 0xE9C8, 0xECE6, 0xF5FA,
    0xF78D, 0xFBA6, 0xFE05, 0x007E, 0x0435, 0x067B, 0x103B, 0x2EF6, 0x3ED1, 0x452D, 0x4FAD, 0x516D,
    0x5FEF, 0x6141, 0x679A, 0x6AE0, 0x6F37, 0x755D, 0x7E0B, 0x90C6, 0x960B, 0x9715, 0x9E57, 0xAC75,
    0xBA51, 0xC041, 0xC594, 0xC7A1, 0xD2A3, 0xDCEF, 0xE231, 0xEA0A, 0xF310, 0xF7AB, 0x00A2, 0x05FC,
    0x0C63, 0x1070, 0x111A, 0x13E0, 0x16AB, 0x257A, 0x28EE, 0x2BA3, 0x3876, 0x3A61, 0x42AB, 0x44FE,
    0x4EB4, 0x5235, 0x59A5, 0x5AC8, 0x5B4F, 0x5F2A, 0x6038, 0x6214, 0x6425, 0x64A0, 0x6635, 0x68EE,
    0x6E97, 0x7011, 0x709E, 0x70CB, 0x71EB, 0x72CB, 0x73C2, 0x74E3, 0x756A, 0x7C05, 0x7E55, 0x8112,
    0x861D, 0x88BE, 0x895F, 0x8B93, 0x8FF3, 0x9270, 0x9487, 0x9758, 0x97FF, 0xA567, 0xA7D6, 0xB17E,
    0xB1FF, 0xB399, 0xB81A, 0xC1E1, 0xC385, 0xC622, 0xCA07, 0xCBCB, 0xD241, 0xD453, 0xD7C6, 0xD7F3,
    0xD830, 0xDD9A, 0xE114, 0xE156, 0xE77D, 0xEE7A, 0xF060, 0xF4E4, 0xF50E, 0xF5A1, 0xF898, 0xF8D3,
    0xF9A1, 0xFAD1, 0xFB75, 0xFD67, 0xFE63, 0xFEED, 0x1395, 0x2104, 0x2BA6, 0x54CA, 0x69B7, 0x7F05,
    0x7F6A, 0x90C4, 0x94D2, 0x9E85, 0xA3BE, 0xB2AD, 0xBF93, 0xDDD7, 0xE244, 0xF5D4, 0x02AE, 0x0320,
    0x0F6A, 0x1297, 0x1E69, 0x240C, 0x2469, 0x2EC5, 0x3595, 0x361A, 0x39B1, 0x3A23, 0x408D, 0x41C8,
    0x4C6F, 0x4D09, 0x4DF3, 0x50E4, 0x5B0C, 0x5DDF, 0x6514, 0x69C8, 0x6A0E, 0x6B90, 0x6CBC, 0x6E42,
    0x7221, 0x7910, 0x799C, 0x7B30, 0x7B84, 0x7E40, 0x80B0, 0x886F, 0x8A52, 0x8E75, 0x924B, 0x93B7,
    0x9491, 0x9680, 0x98CE, 0x993B, 0x9EAD, 0xA820, 0xAC4D, 0xAE1D, 0xB31B, 0xB359, 0xB49C, 0xB85A,
    0xB972, 0xBF4D, 0xC355, 0xD0C9, 0xD0F4, 0xD963, 0xE50B, 0xE817, 0xEC3A, 0xEC4F, 0xEC6A, 0xEF01,
    0xF52A, 0xF7A4, 0xFB33, 0xFCDE, 0xFEBA, 0x011A, 0x0250, 0x0282, 0x0608, 0x0AAE, 0x17C6, 0x195E,
    0x1963, 0x1C32, 0x1F20, 0x2129, 0x2732, 0x2990, 0x2A2D, 0x2AC4, 0x2C2A, 0x2E1F, 0x31ED, 0x3592,
    0x3AEE, 0x3C32, 0x3D93, 0x3DA1, 0x3F88, 0x4326, 0x4558, 0x46BF, 0x46EA, 0x48F8, 0x4E7B, 0x5051,
    0x519E, 0x552D, 0x5631, 0x587E, 0x5A35, 0x5B5D, 0x5C97, 0x5CA0, 0x62CE, 0x6341, 0x63DE, 0x650F,
    0x6C9D, 0x6D64, 0x6F94, 0x7068, 0x71D8, 0x731E, 0x7476, 0x7A16, 0x7AA1, 0x7C99, 0x92AA, 0x961B,
    0x993B, 0x99DB, 0x9A0E, 0x9A2B, 0x9B04, 0x9BC8, 0x9D51, 0x9EB9, 0x9F76, 0xA142, 0xA908, 0xAB5D,
    0xAEFA, 0xAF77, 0xB2F8, 0xC070, 0xC2CD, 0xC5A0, 0xC62D, 0xC7AD, 0xCBCA, 0xCCB9, 0xCDCF, 0xD6DE,
    0xD722, 0xD76C, 0xDAAC, 0xDB66, 0xDD79, 0xDDC4, 0xDE8F, 0xDEB1, 0xDF55, 0xE2B2, 0xE2DB, 0xE991,
    0xEA75, 0xEA9C, 0xEBE7, 0xED37, 0xEE30, 0xF103, 0xF598, 0xF685, 0xF7C0, 0xF915, 0xFA8A, 0xFFFB,
    0x0383, 0x063D, 0x07B6, 0x0929, 0x09C2, 0x0AA0, 0x11F9, 0x1224, 0x136E, 0x18E5, 0x1B10, 0x1B38,
    0x1E51, 0x1EB1, 0x2328, 0x260E, 0x27C2, 0x2B15, 0x2DF3, 0x3073, 0x3F5B, 0x4880, 0x4883, 0x4C45,
    0x4DE2, 0x5036, 0x5137, 0x51D6, 0x56C1, 0x57D5, 0x5912, 0x5D33, 0x5E40, 0x5EDB, 0x5F3F, 0x61FD,
    0x6219, 0x6225, 0x62FC, 0x6721, 0x680C, 0x6A0C, 0x6A83, 0x6EA3, 0x7055, 0x7BE5, 0x7F8A, 0x830E,
    0x8684, 0x883B, 0x8A0E, 0x8C59, 0x915B, 0x92B1, 0x983D, 0x9EC7, 0xA1FF, 0xA948, 0xAA1F, 0xAB0D,
    0xAD22, 0xAFCB, 0xB293, 0xBC21, 0xBCBE, 0xBCF7, 0xC3E1, 0xC507, 0xC7CB, 0xC9D4, 0xC9E6, 0xCE40,
    0xCED0, 0xD089, 0xD10F, 0xD490, 0xE2CB, 0xE533, 0xE6AD, 0xE8AA, 0xEB35, 0xEDB2, 0xEF1B, 0xF182,
    0xF2BE, 0xF4B3, 0xF72B, 0xF813, 0xFA96, 0x17CD, 0x1C62, 0x24C6, 0x2B2F, 0x2E1D, 0x3FC8, 0x43E1,
    0x647D, 0x70EA, 0x86B3, 0x9ECE, 0xAA62, 0xDAC2, 0xEB98, 0xF47D, 0xF922, 0x079E, 0x08EB, 0x0EF1,
    0x103B, 0x2652, 0x26E1, 0x2B76, 0x2CFB, 0x30CB, 0x3261, 0x3DFB, 0x3E5C, 0x4487, 0x50D5, 0x5591,
    0x57C5, 0x580E, 0x823B, 0x8733, 0x8984, 0x8D2D, 0x92FF, 0x95B5, 0x99AA, 0xA441, 0xAD6C, 0xB58B,
    0xBDE7, 0xC30F, 0xCFB7, 0xD142, 0xD6DD, 0xDDFA, 0xE602, 0xE76E, 0xED94, 0xF356, 0x04AB, 0x0D8F,
    0x1DA2, 0x3450, 0x3D9A, 0x4BFB, 0x4CDC, 0x515D, 0x59C7, 0x5C43, 0x6F73, 0x7540, 0x7A5B, 0x7AE9,
    0x80A3, 0x82DD, 0x8CA1, 0x97FA, 0x9DD3, 0xAA1E, 0xAC22, 0xC4D5, 0xC940, 0xCE9D, 0xCEC8, 0xD5F7,
    0xDBA6, 0xDF55, 0xDFB5, 0xE13F, 0xE58A, 0xF092, 0xF5CE, 0xFD88, 0x0191, 0x01CB, 0x01D9, 0x0424,
    0x0A14, 0x0F70, 0x1076, 0x1141, 0x147D, 0x15C6, 0x16BC, 0x16BC, 0x198D, 0x1AED, 0x20CB, 0x215D,
    0x215D, 0x2524, 0x2613, 0x276E, 0x2AE7, 0x2CD1, 0x2E0B, 0x2E26, 0x3299, 0x32CA, 0x32CA, 0x36ED,
    0x37EC, 0x38FE, 0x397D, 0x39E7, 0x3B32, 0x3C40, 0x3C40, 0x3C43, 0x3E13, 0x3F10, 0x44C3, 0x459A,
    0x483F, 0x48F7, 0x48F7, 0x48F9, 0x494E, 0x4D30, 0x4D87, 0x4E04, 0x4F96, 0x5568, 0x56DB, 0x575B,
    0x5775, 0x5777, 0x59CE, 0x59F2, 0x5AEB, 0x6114, 0x625A, 0x6366, 0x6415, 0x65A6, 0x65DB, 0x6897,
    0x6935, 0x69D3, 0x6C7A, 0x6DA0, 0x6F98, 0x6FBA, 0x70E2, 0x74D0, 0x7687, 0x78BB, 0x79C6, 0x7B02,
    0x8041, 0x83CA, 0x8432, 0x86BA, 0x8804, 0x8AD8, 0x8C8D, 0x8CDF, 0x931E, 0x9455, 0x94D2, 0x95BB,
    0x9909, 0x9D79, 0xA1FD, 0xA384, 0xA3BF, 0xA639, 0xA88B, 0xA9EC, 0xA9FF, 0xAA9D, 0xAB00, 0xAD55,
    0xAEDB, 0xAFBD, 0xB014, 0xB024, 0xB187, 0xB29B, 0xB6B7, 0xB795, 0xB84A, 0xBB7E, 0xBCB7, 0xBD1F,
    0xBD1F, 0xBFC4, 0xBFEE, 0xBFEE, 0xC448, 0xC57A, 0xC7CD, 0xC7CD, 0xC812, 0xC91A, 0xC96D, 0xC98B,
    0xCE7C, 0xCF70, 0xD102, 0xD10D, 0xD36A, 0xD516, 0xDB85, 0xDCBA, 0xDE6E, 0xDF76, 0xE170, 0xE19B,
    0xE1C2, 0xE22A, 0xE25B, 0xE37E, 0xE462, 0xE628, 0xE67B, 0xE8F6, 0xEE2A, 0xF1CC, 0xF1CC, 0xF302,
    0xF3ED, 0xF716, 0xF8CB, 0xF977, 0xFEA7, 0xFEBD, 0xFECF, 0xFF2B, 0x04AF, 0x070E, 0x0A4C, 0x10F4,
    0x154B, 0x2634, 0x26EE, 0x28E0, 0x31F7, 0x322F, 0x332C, 0x3374, 0x33B0, 0x34C6, 0x3B89, 0x3C1A,
    0x3D14, 0x3E2B, 0x3E72, 0x4226, 0x4241, 0x4293, 0x4DD0, 0x5098, 0x519D, 0x569C, 0x59A9, 0x59BC,
    0x5A29, 0x5C2D, 0x5D61, 0x68C8, 0x6BAF, 0x6E79, 0x737E, 0x749A, 0x7EFD, 0x7F5E, 0x81D8, 0x83C0,
    0x858C, 0x86BA, 0x87CA, 0x89D4, 0x8AF4, 0x96F7, 0x999B, 0x9D47, 0x9E2D, 0x9F34, 0xA107, 0xA35F,
    0xA4CE, 0xAE21, 0xAEA2, 0xB10C, 0xB23F, 0xB436, 0xB688, 0xBA2B, 0xBE81, 0xC211, 0xC66B, 0xC8A7,
    0xC912, 0xC964, 0xCAAD, 0xCABF, 0xCD79, 0xCE75, 0xD10C, 0xD200, 0xD222, 0xD28A, 0xD62E, 0xD683,
    0xD849, 0xD992, 0xDA78, 0xDF14, 0xDF25, 0xDF55, 0xE1D4, 0xE55F, 0xE918, 0xECDB, 0xF222, 0xFB08,
    0xFE81, 0x024C, 0x0423, 0x052F, 0x05F8, 0x0797, 0x08ED, 0x0A4C, 0x144F, 0x27F8, 0x2C76, 0x30BC,
    0x322F, 0x32C1, 0x359F, 0x3822, 0x3E59, 0x4180, 0x4236, 0x439A, 0x46DA, 0x470D, 0x4F82, 0x56BB,
    0x5D5D, 0x5DBD, 0x6001, 0x6902, 0x730D, 0x8898, 0x893E, 0x89A6, 0x8AFA, 0x8DF5, 0x91C7, 0x92F5,
    0x93DD, 0x9495, 0x95C2, 0x9912, 0x9B70, 0x9CFE, 0x9E34, 0xA149, 0xA167, 0xA37A, 0xA586, 0xA7AC,
    0xA994, 0xABD9, 0xAC20, 0xB189, 0xB2C8, 0xB894, 0xBCB2, 0xC0B5, 0xC16D, 0xC2B6, 0xC8D5, 0xC97C,
    0xCD14, 0xCD7C, 0xD04D, 0xD083, 0xD241, 0xDEB7, 0xDEC9, 0xDFC1, 0xE554, 0xE718, 0xF97B, 0xF9D6,
    0xFD26, 0xFFA0, 0x0838, 0x0CC7, 0x1354, 0x1569, 0x1943, 0x2442, 0x2515, 0x294A, 0x2B12, 0x33CE,
    0x34D6, 0x3CA8, 0x3E48, 0x3FE6, 0x4C50, 0x527A, 0x563C, 0x5C19, 0x5FF4, 0x612D, 0x61A4, 0x70E5,
    0x7156, 0x7291, 0x7858, 0x7A28, 0x7AF6, 0x8045, 0x8B64, 0x9249, 0x9260, 0x9294, 0x97C0, 0x9F48,
    0xB252, 0xB496, 0xB4B8, 0xB529, 0xBE8B, 0xBF56, 0xCF59, 0xD534, 0xD94B, 0xF3D3, 0xF73E, 0x07DA,
    0x0833, 0x0892, 0x0B82, 0x0D25, 0x0DF0, 0x16A4, 0x1B4D, 0x1C10, 0x2467, 0x2983, 0x2EF6, 0x353D,
    0x3A8E, 0x3D7A, 0x40D9, 0x41E9, 0x42D3, 0x4631, 0x46D9, 0x4B02, 0x4F82, 0x5B49, 0x5F65, 0x6730,
    0x6D2E, 0x6EBC, 0x6F37, 0x7551, 0x761C, 0x79ED, 0x7D8C, 0x8214, 0x83D3, 0x848E, 0x873F, 0x8C35,
    0x9A3C, 0xA315, 0xB285, 0xB45A, 0xC1F3, 0xCBD6, 0xD903, 0xDBD9, 0xF46C, 0xF93D, 0x06A8, 0x13D8,
    0x1618, 0x1CE3, 0x27A8, 0x444F, 0x46E7, 0x4FAA, 0x50F9, 0x65EA, 0x7287, 0x8A8F, 0x9203, 0x9DA4,
    0xA2CB, 0xA522, 0xB2EA, 0xBA77, 0xC05C, 0xDC45, 0xF922, 0xFDDC, 0x00A4, 0x01F7, 0x0354, 0x0DFE,
    0x23A0, 0x257A, 0x4AAA, 0x5781, 0x6473, 0x6E97, 0x7716, 0x7890, 0x8417, 0x9A02, 0x9B9B, 0x9FD5,
    0xA0B3, 0xA2FE, 0xA4BB, 0xA519, 0xB0DB, 0xB266, 0xB620, 0xBCDA, 0xC8F1, 0xD303, 0xD630, 0xD777,
    0xD830, 0xF5A1, 0xFB85, 0x07BE, 0x0D42, 0x1710, 0x3B7D, 0x3CC8, 0x3EB2, 0x44F2, 0x4ABC, 0x4F41,
    0x5013, 0x564A, 0x7854, 0x845A, 0x8794, 0x9F30, 0xAF25, 0xB4BF, 0xC3B4, 0xC62A, 0xCBCB, 0xCEB2,
    0xD116, 0xFD67, 0x1D20, 0x1DD8, 0x2D16, 0x545A, 0x7545, 0x81BB, 0x8F57, 0xA288, 0xBB0D, 0xCDF5,
    0xDAB6, 0xF139, 0xF539, 0xF8FD, 0x03AD, 0x0937, 0x0941, 0x0D06, 0x0DAD, 0x1037, 0x10AA, 0x1256,
    0x20CB, 0x2E26, 0x314B, 0x3552, 0x3898, 0x38F2, 0x396D, 0x3992, 0x3B51, 0x3E13, 0x3EB3, 0x3F10,
    0x4158, 0x41B6, 0x41E9, 0x4613, 0x4842, 0x4CBD, 0x4DF9, 0x52EB, 0x5959, 0x5A06, 0x5AEB, 0x6682,
    0x7019, 0x70C2, 0x725D, 0x74D5, 0x75E8, 0x7775, 0x840D, 0x84CD, 0x84E2, 0x89E0, 0x9140, 0x974C,
    0x9B4F, 0x9D09, 0x9E2E, 0xA121, 0xA71B, 0xABE4, 0xADFE, 0xB13C, 0xB25E, 0xB314, 0xB3BF, 0xB950,
    0xBA59, 0xBE78, 0xBF07, 0xCD99, 0xCF04, 0xCF6F, 0xD516, 0xD6AE, 0xD9D8, 0xDF87, 0xDFCB, 0xE5DA,
    0xE8A1, 0xEB70, 0xEB78, 0xEC1E, 0xECAB, 0xED7C, 0xFB0C, 0xFB88, 0xFC62, 0xFEBD, 0x0246, 0x02A5,
    0x04AD, 0x07F4, 0x0912, 0x0AB7, 0x0EDA, 0x0EF1, 0x1082, 0x186A, 0x1B17, 0x20F3, 0x25D0, 0x29C4,
    0x2A5C, 0x2F0D, 0x3319, 0x333C, 0x335D, 0x3394, 0x3A20, 0x3C90, 0x3F4A, 0x45F4, 0x4731, 0x55D7,
    0x56BB, 0x56DB, 0x5A3F, 0x5B3F, 0x5C17, 0x5DA2, 0x5F22, 0x6652, 0x69AF, 0x6E23, 0x71EC, 0x72E1,
    0x7658, 0x7965, 0x7E49, 0x7ECD, 0x7EF6, 0x85F3, 0x8763, 0x8C7E, 0x96F6, 0x9898, 0x9B2F, 0x9BC6,
    0x9CA8, 0x9E27, 0x9F72, 0xA0B4, 0xA8AB, 0xA8E4, 0xA974, 0xAC04, 0xB3AB, 0xBB49, 0xBE1E, 0xBE32,
    0xBFB8, 0xC407, 0xC51B, 0xC52C, 0xC634, 0xC817, 0xCDEA, 0xD28E, 0xD3D4, 0xD5D2, 0xDAE8, 0xDF2B,
    0xDF87, 0xE04D, 0xE0E2, 0xE21C, 0xE6A6, 0xEB9F, 0xF423, 0xF744, 0xFA66, 0xFA6D, 0xFC0F, 0xFD0D,
    0xFE79, 0x002D, 0x0427, 0x05FF, 0x0709, 0x0AF3, 0x1709, 0x1EA8, 0x1F08, 0x20DB, 0x2392, 0x2AF4,
    0x2C1E, 0x3583, 0x382E, 0x41F6, 0x4AA6, 0x54EB, 0x56A2, 0x6438, 0x85C9, 0x865A, 0x866B, 0x8C3C,
    0x9055, 0x983A, 0xA02B, 0xB6D6, 0xBA20, 0xC0FD, 0xC582, 0xC70A, 0xC7A1, 0xCD95, 0xCFCF, 0xD38B,
    0xD894, 0xDB46, 0xE4E9, 0xE602, 0x03B9, 0x0709, 0x0767, 0x0BA5, 0x0F3D, 0x0FED, 0x1709, 0x1A53,
    0x1CC0, 0x2516, 0x30CC, 0x3139, 0x3157, 0x32E8, 0x3364, 0x390E, 0x39EE, 0x4065, 0x42B5, 0x445B,
    0x4701, 0x4CC0, 0x4D94, 0x4F99, 0x5019, 0x50E6, 0x5337, 0x56B8, 0x574C, 0x585B, 0x5BB9, 0x6561,
    0x6C71, 0x6FAB, 0x717E, 0x8126, 0x8149, 0x8222, 0x8CDE, 0x8FBF, 0x9497, 0x9672, 0x9C03, 0x9C0B,
    0x9FB2, 0xA855, 0xA8CA, 0xAA9D, 0xABB8, 0xB155, 0xB337, 0xB37B, 0xB531, 0xBA20, 0xC4C6, 0xC6F5,
    0xCA33, 0xCD95, 0xD254, 0xD298, 0xD2FE, 0xD38B, 0xD48A, 0xDA15, 0xDAE8, 0xDC01, 0xE602, 0xE9AF,
    0xEB67, 0xF1FA, 0xF390, 0xF629, 0xFAFC, 0xFCAF, 0xFE76, 0xFE79, 0x0C8B, 0x463F, 0x4902, 0x5217,
    0x53E6, 0x5429, 0x5677, 0x574C, 0x5B84, 0x61AA, 0x7211, 0x850D, 0x8AF6, 0x8EF3, 0x9059, 0x97F1,
    0xA8CA, 0xB66A, 0xCE33, 0xD72C, 0xDA6A, 0xE517, 0xF08C, 0x04B7, 0x04FE, 0x0A8F, 0x0BB4, 0x0E3D,
    0x1108, 0x133B, 0x14C6, 0x15B5, 0x1928, 0x19DE, 0x1A09, 0x26A7, 0x2B12, 0x2C02, 0x3028, 0x30DB,
    0x31CE, 0x3299, 0x334A, 0x38F2, 0x3A2B, 0x3E90, 0x4365, 0x438B, 0x46F6, 0x4799, 0x4A10, 0x4ACC,
    0x4CBD, 0x4CD5, 0x4E01, 0x512B, 0x52B9, 0x56A7, 0x5A91, 0x5D29, 0x5E80, 0x5ECD, 0x6114, 0x61A3,
    0x62B1, 0x6374, 0x64CC, 0x6665, 0x69D2, 0x6D0C, 0x725D, 0x7629, 0x7A4A, 0x7AFE, 0x7B5B, 0x7BA1,
    0x7E2B, 0x7F29, 0x80A7, 0x81D8, 0x8358, 0x8476, 0x8804, 0x89E0, 0x8A5D, 0x8C8D, 0x8F5B, 0x904A,
    0x927E, 0x92A1, 0x9AC0, 0x9B18, 0x9BC0, 0x9CB1, 0x9CB3, 0x9CB8, 0x9D02, 0x9E54, 0xA375, 0xA3E4,
    0xA5CB, 0xA89B, 0xA933, 0xAC10, 0xB087, 0xB1D7, 0xB25E, 0xB26F, 0xB339, 0xB423, 0xB8B0, 0xB941,
    0xBD56, 0xBDEC, 0xBE12, 0xBF81, 0xBFE7, 0xC6C4, 0xCF64, 0xD095, 0xD24F, 0xD3CB, 0xD5A0, 0xD6AF,
    0xD739, 0xD855, 0xDA55, 0xDC1B, 0xDF69, 0xE2FD, 0xE330, 0xE48E, 0xE562, 0xE935, 0xEA9B, 0xF47D,
    0xF6BC, 0xF74A, 0xF96C, 0xFB11, 0xFDD5, 0xFDD5, 0xFED3, 0x000E, 0x0158, 0x02BC, 0x0423, 0x04D5,
    0x0526, 0x08C0, 0x0E81, 0x0EC1, 0x0FD2, 0x1381, 0x16A4, 0x1771, 0x17D7, 0x19E4, 0x1A3C, 0x1A53,
    0x1BAE, 0x1CBC, 0x1D64, 0x1ECB, 0x1FB6, 0x21D7, 0x2821, 0x2B97, 0x3057, 0x314F, 0x3287, 0x3B52,
    0x3B99, 0x3C05, 0x3C81, 0x4039, 0x4183, 0x4430, 0x444C, 0x463C, 0x4747, 0x47BE, 0x48E9, 0x4969,
    0x4A17, 0x4FBF, 0x51B2, 0x52C1, 0x53BF, 0x5416, 0x551F, 0x586C, 0x5905, 0x5CA9, 0x5D13, 0x5F1F,
    0x60BA, 0x666C, 0x6673, 0x670B, 0x6827, 0x6A14, 0x6CCF, 0x6D58, 0x6F2B, 0x7088, 0x7318, 0x742C,
    0x748C, 0x75E6, 0x764C, 0x76D6, 0x780F, 0x7B45, 0x7BB5, 0x7DC3, 0x7DC9, 0x7E1C, 0x7F95, 0x84E0,
    0x85C6, 0x8647, 0x8998, 0x89C1, 0x8E3D, 0x8FB6, 0x922B, 0x95A7, 0x97D9, 0x9C73, 0x9FCA, 0xA369,
    0xA45D, 0xA4BA, 0xA50A, 0xA5DA, 0xA9B6, 0xAA18, 0xAAEC, 0xAC24, 0xAC55, 0xB17C, 0xB3AE, 0xB6D7,
    0xB764, 0xBB16, 0xBB19, 0xC007, 0xC02C, 0xC12E, 0xC195, 0xC3DC, 0xCC5D, 0xCC7B, 0xCF65, 0xCF6A,
    0xD168, 0xD3F0, 0xD6A6, 0xD99F, 0xDC19, 0xDD01, 0xDD47, 0xDD9D, 0xDF1C, 0xE527, 0xE636, 0xE6BE,
    0xF239, 0xF3C9, 0xF476, 0xFBCC, 0xFCDE, 0xFE96, 0x009D, 0x03EF, 0x0767, 0x0892, 0x0BDB, 0x0BE2,
    0x0C46, 0x0F6D, 0x191B, 0x1B7E, 0x1FB1, 0x20CF, 0x2732, 0x27DF, 0x2EF2, 0x32D7, 0x3314, 0x335E,
    0x33DF, 0x3BF1, 0x3D12, 0x424A, 0x433B, 0x4409, 0x451C, 0x4B5F, 0x4E98, 0x4F7E, 0x5121, 0x5815,
    0x5ACE, 0x5B83, 0x636D, 0x64FD, 0x71B9, 0x7F95, 0x82FC, 0x8620, 0x865C, 0x870F, 0x88F1, 0x8979,
    0x8B08, 0x8FA9, 0x8FB9, 0x93D8, 0x9A3D, 0x9B1C, 0x9BEA, 0x9C66, 0xA1F8, 0xA4DC, 0xA714, 0xA943,
    0xB9E3, 0xBB0F, 0xBC63, 0xBE60, 0xC940, 0xCED9, 0xD15B, 0xD15E, 0xD1C5, 0xD952, 0xE37B, 0xED30,
    0xF469, 0xFFE2, 0x03AD, 0x04CB, 0x05E5, 0x146A, 0x14ED, 0x1971, 0x1C03, 0x1D7E, 0x2906, 0x2F7A,
    0x3695, 0x4945, 0x4A57, 0x4C90, 0x50F9, 0x512D, 0x547D, 0x5959, 0x5A8F, 0x5C59, 0x656C, 0x65EC,
    0x6697, 0x6A61, 0x6BD2, 0x7244, 0x74AA, 0x7644, 0x76C9, 0x7A17, 0x7B60, 0x7C9A, 0x814D, 0x850A,
    0x8520, 0x8588, 0x8D8E, 0x9354, 0x96FF, 0xA131, 0xA2B5, 0xA714, 0xA74D, 0xA83E, 0xBE81, 0xC52E,
    0xC8BE, 0xD028, 0xDB23, 0xE062, 0xE2E0, 0xEA04, 0xEA0A, 0xEBB8, 0xF919, 0xF95F, 0xFBA6, 0xFDD4,
    0xFE5F, 0xFF7A, 0x0366, 0x065D, 0x075A, 0x0EEB, 0x13AF, 0x1571, 0x1696, 0x17E4, 0x1A2B, 0x1C82,
    0x1CDA, 0x1F27, 0x2033, 0x2678, 0x2BDA, 0x3274, 0x3488, 0x37AB, 0x39F0, 0x3CE1, 0x3E50, 0x4167,
    0x4640, 0x46C0, 0x4A8B, 0x4B96, 0x5382, 0x54A6, 0x54C8, 0x56FF, 0x57A1, 0x5CE0, 0x5E38, 0x5F18,
    0x5F22, 0x6605, 0x68FF, 0x6A7B, 0x6BBE, 0x6D10, 0x6D9C, 0x716F, 0x7455, 0x78D3, 0x791A, 0x79BF,
    0x7B57, 0x7CA0, 0x7DB3, 0x84B3, 0x851D, 0x8588, 0x8D9E, 0x9019, 0x939A, 0x953F, 0x9C01, 0x9C4D,
    0xA2B9, 0xA56E, 0xA79B, 0xA9E3, 0xAF03, 0xB165, 0xB1A7, 0xB3F4, 0xB439, 0xB96E, 0xBFB8, 0xC367,
    0xC4A4, 0xC6C7, 0xCA81, 0xCECC, 0xCECE, 0xCF93, 0xD4D9, 0xDC2E, 0xE136, 0xE21C, 0xE8F2, 0xEA06,
    0xEB78, 0xEC07, 0xFA05, 0xFBCC, 0xFC3B, 0xFDC3, 0xFF4C, 0x0AF3, 0x0EDA, 0x1B0D, 0x1C82, 0x2160,
    0x27BE, 0x2D3C, 0x3347, 0x34CE, 0x3603, 0x3C6B, 0x4374, 0x4B38, 0x56BB, 0x57D8, 0x71CA, 0x7393,
    0x88AB, 0x8B43, 0x8D44, 0x90DF, 0x97CD, 0x9F7A, 0xA102, 0xA860, 0xB16E, 0xB7FD, 0xBD09, 0xC1FC,
    0xCB8D, 0xDCCB, 0xDF1F, 0xE196, 0xE8CA, 0xF6F4, 0xFC99, 0xFE22, 0x1432, 0x1F4D, 0x24FD, 0x2942,
    0x3F42, 0x42E6, 0x4ECA, 0x5540, 0x59CC, 0x7D13, 0x8B9F, 0x91A2, 0x97DA, 0x9812, 0x9E6C, 0xA733,
    0xA9C6, 0xB107, 0xBAAD, 0xBEBF, 0xC4DF, 0xCB4C, 0xCDD6, 0xD6CC, 0xD8A0, 0xE32B, 0xED0E, 0x06D0,
    0x13DF, 0x1843, 0x2F4A, 0x3163, 0x36A0, 0x37CC, 0x3C90, 0x3D80, 0x4B6E, 0x505B, 0x526C, 0x694C,
    0x6A0F, 0x7545, 0x7B6F, 0x7CB6, 0x8046, 0x8265, 0x828C, 0x8BBA, 0x8C77, 0x9359, 0x9556, 0x9D79,
    0x9ECE, 0xA635, 0xA9D3, 0xB0FD, 0xB4BF, 0xB7CC, 0xBBA9, 0xBBB5, 0xC161, 0xC719, 0xC788, 0xCC9E,
    0xD094, 0xD1DD, 0xD2E4, 0xD6CF, 0xD7F6, 0xD8FC, 0xE443, 0xEBC9, 0xF139, 0xF2EF, 0xF55B, 0xFF19,
    0x0483, 0x0718, 0x07B6, 0x0F98, 0x110A, 0x1372, 0x18D8, 0x1B38, 0x20B9, 0x229B, 0x232E, 0x23D6,
    0x2612, 0x2BA5, 0x2C38, 0x2CDA, 0x3178, 0x32C3, 0x331E, 0x333D, 0x395A, 0x39E6, 0x438B, 0x457C,
    0x463D, 0x4A47, 0x4A93, 0x4B7F, 0x4B94, 0x5173, 0x52E3, 0x55A5, 0x5DB4, 0x6377, 0x64B4, 0x6684,
    0x66E4, 0x6814, 0x6E28, 0x6EA3, 0x7412, 0x7478, 0x7971, 0x7A5F, 0x7AB2, 0x7AF2, 0x7DFB, 0x7E37,
    0x8046, 0x83FF, 0x883B, 0x8984, 0x8BFF, 0x8C5B, 0x8DD5, 0x905C, 0x9081, 0x91CF, 0x96D8, 0x983D,
    0x9EFF, 0x9F14, 0xA0A7, 0xA1C9, 0xA7C1, 0xAC82, 0xAED8, 0xAF51, 0xAFD1, 0xB16F, 0xB615, 0xBA33,
    0xBF13, 0xC1BC, 0xC6EC, 0xC862, 0xC939, 0xC960, 0xCCAA, 0xCCC2, 0xCCDD, 0xCE40, 0xD42D, 0xD6CD,
    0xDA55, 0xE2CB, 0xE583, 0xE71E, 0xE92F, 0xE93F, 0xE94A, 0xE9D0, 0xECB2, 0xEEAD, 0xF4E1, 0xF7CA,
    0xFF92, 0x00CD, 0x053C, 0x0752, 0x09C6, 0x0A90, 0x0BCE, 0x0C76, 0x0E08, 0x0FF1, 0x11A9, 0x1220,
    0x183C, 0x1BD3, 0x1CC5, 0x1E5B, 0x231C, 0x2853, 0x292E, 0x2949, 0x2C53, 0x2C7C, 0x2EF2, 0x3175,
    0x32D5, 0x36A5, 0x3CAB, 0x44F8, 0x4513, 0x4C18, 0x511D, 0x54FB, 0x566E, 0x59A5, 0x5A66, 0x5BCA,
    0x5D6A, 0x600C, 0x60B2, 0x61F0, 0x6219, 0x6230, 0x6345, 0x6A18, 0x6AE3, 0x6BBA, 0x6C45, 0x6CF4,
    0x6D82, 0x6F73, 0x756C, 0x7AA5, 0x8176, 0x8177, 0x85FE, 0x86DD, 0x8B4A, 0x903A, 0x9144, 0x91BB,
    0x92A1, 0x9B0C, 0x9E30, 0x9F08, 0xA229, 0xA27F, 0xA4A6, 0xA59D, 0xA935, 0xAA1A, 0xB12B, 0xB52A,
    0xBB1C, 0xBB62, 0xBC63, 0xBEE0, 0xBF2B, 0xBFCB, 0xC02E, 0xC7CD, 0xCD1A, 0xD0B2, 0xD0BB, 0xD3C7,
    0xD537, 0xD64F, 0xD6D3, 0xD88C, 0xDD10, 0xDD28, 0xDE7B, 0xE068, 0xE596, 0xE95B, 0xEACA, 0xEBA7,
    0xEC62, 0xEC7A, 0xECFA, 0xEDB6, 0xEEA4, 0xEF28, 0xF0BD, 0xF25C, 0xFE86, 0x0173, 0x01CE, 0x02FA,
    0x0815, 0x0DEE, 0x14AE, 0x15C2, 0x17E4, 0x1CA4, 0x1DAE, 0x2A51, 0x2BEF, 0x3585, 0x3632, 0x3660,
    0x3973, 0x3ACF, 0x3C27, 0x3CBB, 0x3D29, 0x40BC, 0x41B3, 0x4402, 0x45D7, 0x4952, 0x4B7C, 0x4E10,
    0x4EA1, 0x5D80, 0x5F8E, 0x66DD, 0x693A, 0x6CEA, 0x7277, 0x73AE, 0x796F, 0x7B70, 0x7DA1, 0x7F8A,
    0x802E, 0x8396, 0x884C, 0x8BD6, 0x8CE0, 0x8E2F, 0x8F39, 0x9046, 0x9487, 0x971A, 0x9ABA, 0x9C42,
    0xA794, 0xA7B5, 0xA7EB, 0xAE1D, 0xB108, 0xB2D4, 0xB34B, 0xB69A, 0xB848, 0xBACB, 0xBBDF, 0xBEDB,
    0xC2F6, 0xC374, 0xC49D, 0xC697, 0xC745, 0xC7A1, 0xD567, 0xD929, 0xDBEE, 0xDE99, 0xDF56, 0xE098,
    0xE12C, 0xE7B2, 0xE8BD, 0xE9D0, 0xFE57, 0xFECF, 0x010D, 0x02D2, 0x03F8, 0x0773, 0x0923, 0x094C,
    0x0D04, 0x1104, 0x124A, 0x1998, 0x220F, 0x2396, 0x2499, 0x24AC, 0x2EAF, 0x2FE6, 0x2FFB, 0x33F6,
    0x36D1, 0x374B, 0x3779, 0x38AD, 0x3ACF, 0x3B39, 0x4D79, 0x4E8C, 0x5860, 0x5884, 0x5B52, 0x5B62,
    0x5BFD, 0x6183, 0x61F3, 0x61FB, 0x6266, 0x63DC, 0x654E, 0x6AAD, 0x6BD7, 0x7476, 0x7B06, 0x7B56,
    0x7B6B, 0x8058, 0x84C0, 0x84F7, 0x8849, 0x8C6C, 0x8DDB, 0x92F5, 0x978C, 0xA069, 0xA613, 0xB036,
    0xB256, 0xB2D4, 0xB762, 0xBA66, 0xBC5E, 0xBD60, 0xC4ED, 0xCBC4, 0xCF51, 0xD087, 0xD346, 0xD8D2,
    0xDA38, 0xE12B, 0xE242, 0xE40E, 0xE469, 0xEBA3, 0xEBA7, 0xED8D, 0xF195, 0xF1C3, 0xF44B, 0xF5B5,
    0xF968, 0x061F, 0x0D9E, 0x103B, 0x1064, 0x10C7, 0x1605, 0x1BB7, 0x28FF, 0x2C1E, 0x344E, 0x3A4E,
    0x3CC3, 0x3D12, 0x41F6, 0x44E5, 0x4C3F, 0x4C48, 0x4D7C, 0x53E6, 0x5816, 0x5835, 0x6109, 0x6114,
    0x626B, 0x685D, 0x6B39, 0x711E, 0x7D71, 0x823B, 0x85C9, 0x865A, 0x8BCB, 0x9825, 0xA281, 0xA832,
    0xAA11, 0xB6BC, 0xB9C0, 0xC044, 0xC0B7, 0xC810, 0xC9BE, 0xCDB0, 0xCFF3, 0xD0C0, 0xD4A8, 0xD894,
    0xD9A9, 0xE0B7, 0xE147, 0xE438, 0xE917, 0xE990, 0xE9C0, 0xEB35, 0xEB57, 0xED5A, 0xF34D, 0xF62F,
    0xF944, 0xFCBE, 0xFEA3, 0x000E, 0x0BA9, 0x1944, 0x1D43, 0x1D64, 0x24F0, 0x2714, 0x27FF, 0x2808,
    0x285E, 0x2936, 0x2AE3, 0x2C70, 0x33A1, 0x3D12, 0x4812, 0x4C3D, 0x4FA3, 0x5094, 0x595E, 0x5D46,
    0x5E0D, 0x6296, 0x6332, 0x73C2, 0x74E9, 0x76A9, 0x801E, 0x878D, 0x905F, 0x92B4, 0x95C1, 0x960B,
    0x98A7, 0x98B1, 0x9946, 0x9CA6, 0x9E77, 0xA36F, 0xA714, 0xA71B, 0xA9DA, 0xB2E6, 0xB891, 0xBA6C,
    0xBD64, 0xC018, 0xC87B, 0xC918, 0xD7D7, 0xDD01, 0xDD68, 0xDD9D, 0xE227, 0xE496, 0xE83A, 0xEED2,
    0xF0AF, 0xF11F, 0xF344, 0xF77C, 0xF922, 0xF983, 0xFCDC, 0xFDB5, 0x018B, 0x0476, 0x08E7, 0x1A88,
    0x1EB9, 0x3624, 0x4557, 0x4979, 0x5A2D, 0x5C2B, 0x62D3, 0x6340, 0x682D, 0x68AD, 0x70C3, 0x770D,
    0x8763, 0x9C00, 0xAC2D, 0xACF9, 0xB3CB, 0xBBBE, 0xBF66, 0xC52C, 0xC5D9, 0xCE40, 0xD232, 0xD6D2,
    0xDCDC, 0xDF2D, 0xE67E, 0x0055, 0x0933, 0x0ADA, 0x0BF0, 0x0D28, 0x0D43, 0x0D61, 0x0D7F, 0x11CB,
    0x12D5, 0x1667, 0x17E4, 0x1A8B, 0x1A8D, 0x1C1F, 0x1C68, 0x1C93, 0x1D43, 0x220E, 0x2383, 0x243D,
    0x25B1, 0x25BD, 0x2606, 0x2C0C, 0x2C67, 0x2C8A, 0x2ED8, 0x33EC, 0x352F, 0x35A1, 0x365E, 0x3712,
    0x3BAA, 0x3CC4, 0x3CCA, 0x4112, 0x42D3, 0x433F, 0x46C0, 0x4863, 0x4A8C, 0x50DB, 0x6010, 0x6962,
    0x6C22, 0x6FFE, 0x70B7, 0x72E3, 0x75EE, 0x7C1B, 0x7F0A, 0x813C, 0x8451, 0x8548, 0x8966, 0x8FD8,
    0x91B7, 0x9285, 0x92DF, 0x9417, 0x9742, 0x97E5, 0x98BB, 0x9D77, 0x9E99, 0x9F87, 0xA5AC, 0xA6D9,
    0xA8BB, 0xACEE, 0xAE34, 0xAF78, 0xAFB3, 0xB3FB, 0xB4D0, 0xB8B9, 0xB905, 0xBB99, 0xBCFE, 0xD053,
    0xD42D, 0xD4E8, 0xD5D6, 0xD6CC, 0xDEA8, 0xE1B5, 0xE28C, 0xE518, 0xE5B9, 0xE66B, 0xE7D8, 0xE887,
    0xEA9B, 0xED0E, 0xF51E, 0xF5D7, 0x0435, 0x06A0, 0x0FC6, 0x1CEF, 0x1D43, 0x2657, 0x3503, 0x3882,
    0x38B3, 0x3951, 0x3DA7, 0x3F4D, 0x4171, 0x4438, 0x459A, 0x4CFD, 0x4D44, 0x4EC7, 0x5017, 0x5319,
    0x60C7, 0x6752, 0x6C52, 0x7E0B, 0x8CE0, 0x9727, 0x9742, 0x97CD, 0x9800, 0xA0A1, 0xA6B5, 0xA6C8,
    0xAED7, 0xB2F7, 0xB52C, 0xC594, 0xC7CF, 0xD22D, 0xD49F, 0xD4C8, 0xD64D, 0xD7F1, 0xDA53, 0xE612,
    0xE8EE, 0xE976, 0xEA0A, 0xEA9B, 0xED4E, 0xEEBE, 0xF922, 0xFDEE, 0x0813, 0x0827, 0x0B70, 0x1C94,
    0x1F26, 0x22C9, 0x22EC, 0x29E2, 0x2AE2, 0x361D, 0x3836, 0x3A9C, 0x3F07, 0x40C3, 0x44B1, 0x45D1,
    0x4BC7, 0x4BF1, 0x4D0F, 0x52E1, 0x55D3, 0x562F, 0x595E, 0x5FF0, 0x5FF7, 0x62AF, 0x6A45, 0x6ABC,
    0x6E8C, 0x6FD4, 0x6FE4, 0x725A, 0x77E7, 0x7BDB, 0x8191, 0x81AB, 0x844D, 0x8821, 0x88E1, 0x8BB2,
    0x934E, 0x9482, 0x95D7, 0x97E5, 0x99AA, 0x99F5, 0x9A9E, 0xAFEB, 0xB1B4, 0xB45D, 0xB517, 0xB5A5,
    0xB5D5, 0xB6D6, 0xB71B, 0xB7BE, 0xB98E, 0xD2F7, 0xD551, 0xD877, 0xD9C9, 0xDA5F, 0xE168, 0xE2E3,
    0xE7EB, 0xE8DE, 0xEE34, 0xF057, 0xF0FB, 0xF3EA, 0xF53A, 0xF8FB, 0xFFE4, 0x375B, 0x5DC1, 0x6ABF,
    0x875A, 0xCBFB, 0xD0F5, 0xD88E, 0xDD11, 0x1B73, 0x5C8B, 0x8E16, 0xB570, 0x25B4, 0x2800, 0x3A7C,
    0x3A9C, 0x3FE4, 0x51FF, 0x5B6F, 0x6064, 0x6118, 0x6756, 0x6B6F, 0x7449, 0x7A5B, 0x7C57, 0x828F,
    0xA98D, 0xAAD0, 0xB2E0, 0xB6F4, 0xB8AC, 0xBA9C, 0xD5F7, 0xD7C9, 0xDCE4, 0xDDC1, 0xE3FC, 0xEB06,
    0xEC50, 0xF921, 0x023B, 0x02BE, 0x0328, 0x05F0, 0x0A01, 0x0A2A, 0x14CE, 0x1584, 0x1D9D, 0x2036,
    0x258E, 0x2CC1, 0x35FD, 0x3E1D, 0x4140, 0x4827, 0x4D90, 0x5054, 0x509A, 0x55BD, 0x5A80, 0x6683,
    0x6747, 0x748D, 0x75EB, 0x7AC9, 0x89B2, 0x9156, 0xA857, 0xAC4B, 0xC2DC, 0xC517, 0xC9F3, 0xCAC1,
    0xCD41, 0xCF80, 0xD64C, 0xDB0F, 0xDD1D, 0xE322, 0xE82A, 0xE91D, 0xF249, 0xF3D3, 0xFBDB, 0xFE3B,
    0x008E, 0x0748, 0x0D8F, 0x0E18, 0x0E22, 0x12A2, 0x1957, 0x3189, 0x41D7, 0x4825, 0x4A17, 0x523B,
    0x52E6, 0x57DD, 0x5FE7, 0x605F, 0x65DC, 0x7057, 0x77A6, 0x7AC3, 0x8116, 0x8A70, 0x9864, 0x98C2,
    0x9EA2, 0xA45D, 0xA9AF, 0xAAC8, 0xAB37, 0xACA0, 0xAD6F, 0xB028, 0xB033, 0xC835, 0xC96B, 0xC97B,
    0xD187, 0xD72E, 0xDCB6, 0xDEAC, 0xE519, 0xE857, 0xE85E, 0xECF2, 0xEF9D, 0xF0C4, 0xF3D3, 0xF84C,
    0xF9E4, 0xFB97, 0x096E, 0x0F32, 0x1519, 0x1B9E, 0x1C4C, 0x1F9A, 0x2806, 0x2913, 0x3955, 0x4934,
    0x55E1, 0x59B9, 0x5D30, 0x69F6, 0x6A61, 0x7019, 0x7046, 0x7DAA, 0x88DB, 0x8FB1, 0x923F, 0x9577,
    0x9C33, 0x9D10, 0xB1BD, 0xB1F4, 0xB25F, 0xB3BF, 0xBF63, 0xD1E4, 0xD516, 0xE0AE, 0xE487, 0xE548,
    0xEBB7, 0xF3AC, 0xF82F, 0xFCC6, 0xFF35, 0x0055, 0x0745, 0x0C6D, 0x0F90, 0x1ABE, 0x1B51, 0x1FD8,
    0x2286, 0x22BD, 0x2942, 0x2DEB, 0x4EF8, 0x577F, 0x585B, 0x6133, 0x63B8, 0x69E5, 0x6ABC, 0x76B0,
    0x78EF, 0x8310, 0x871B, 0x917D, 0x9439, 0x94C9, 0x97DA, 0xAEA2, 0xC157, 0xC7DB, 0xD3FD, 0xD5A9,
    0xD7BD, 0xDBE8, 0xE2FE, 0x02A7, 0x0959, 0x0CDB, 0x0F02, 0x1291, 0x1575, 0x2635, 0x28E0, 0x2A08,
    0x2A62, 0x2C1E, 0x2C7A, 0x330E, 0x451C, 0x464C, 0x46F2, 0x4DD0, 0x50EA, 0x5A0C, 0x5EA2, 0x6154,
    0x6CA1, 0x703A, 0x709E, 0x8997, 0x8C46, 0x90E7, 0x95B5, 0x9862, 0x9D47, 0x9E15, 0xA107, 0xA441,
    0xA466, 0xA5FE, 0xB12B, 0xB23F, 0xBB08, 0xBCFF, 0xC051, 0xCACB, 0xCD98, 0xD03F, 0xD445, 0xD7D4,
    0xD849, 0xDE5A, 0xDEFE, 0xE05D, 0xE8B3, 0xE948, 0xEDE1, 0xF1C4, 0x0C45, 0x1182, 0x11F8, 0x13CE,
    0x14F7, 0x1EA2, 0x29C2, 0x3C96, 0x3DA8, 0x3FAD, 0x4399, 0x4961, 0x4DF6, 0x5364, 0x56BB, 0x59A9,
    0x5FBC, 0x6488, 0x7255, 0x7AB4, 0x82AA, 0x9114, 0x915B, 0x9230, 0x9A0D, 0xA1BC, 0xABBF, 0xB247,
    0xB418, 0xB4E9, 0xB68F, 0xC24A, 0xC2D4, 0xC525, 0xC5AC, 0xCD34, 0xCE09, 0xCE28, 0xD549, 0xD64C,
    0xDDF0, 0xE3B9, 0xEB35, 0xED45, 0xEDA4, 0xFA33, 0xFB57, 0xFD26, 0x0437, 0x099C, 0x0BFF, 0x0E10,
    0x1063, 0x1141, 0x11F1, 0x1672, 0x2236, 0x2540, 0x2E70, 0x310D, 0x337D, 0x41E9, 0x4825, 0x4864,
    0x4A41, 0x5733, 0x579A, 0x5802, 0x5F5C, 0x62BB, 0x6A61, 0x88ED, 0x89BD, 0x8A25, 0x9874, 0x9CB8,
    0xA662, 0xAA41, 0xAC11, 0xAC43, 0xB00B, 0xB848, 0xBBAC, 0xC2EC, 0xD512, 0xD52E, 0xEB12, 0xF36A,
    0xF3D3, 0xF733, 0xFA8A, 0x0060, 0x0572, 0x0B6E, 0x1827, 0x19DA, 0x240A, 0x24C6, 0x2529, 0x26CD,
    0x2FA4, 0x383A, 0x3B49, 0x4123, 0x44BA, 0x498D, 0x4E84, 0x5354, 0x5697, 0x5F58, 0x6100, 0x629B,
    0x63C2, 0x6ABC, 0x6CA5, 0x6E36, 0x7664, 0x7790, 0x77C4, 0x807E, 0x8956, 0x8A0E, 0x8A4D, 0x90F6,
    0x9843, 0x9858, 0x9BD4, 0x9DAE, 0x9ECE, 0x9ED5, 0xA27E, 0xAE1F, 0xB31F, 0xC23E, 0xC3F9, 0xCC0E,
    0xD2C6, 0xD320, 0xD92C, 0xDBF6, 0xDEA3, 0xDF5D, 0xE493, 0xE5D3, 0xE928, 0xEBD8, 0xEF7E, 0xFB47,
    0xFB81, 0x0215, 0x0331, 0x0496, 0x0685, 0x0840, 0x0A32, 0x0E73, 0x12C0, 0x140B, 0x1458, 0x1B5F,
    0x1C03, 0x1C32, 0x1DE1, 0x1E6D, 0x22D2, 0x2C5F, 0x2E9B, 0x3292, 0x32E0, 0x353B, 0x35B1, 0x3652,
    0x37BB, 0x3837, 0x38CF, 0x390C, 0x3918, 0x391C, 0x392F, 0x3D48, 0x3D74, 0x4B00, 0x50C3, 0x5360,
    0x5688, 0x5EC0, 0x5FA1, 0x602C, 0x6207, 0x642C, 0x65CD, 0x65D0, 0x696D, 0x6A61, 0x720A, 0x7244,
    0x74BC, 0x74D1, 0x7DB6, 0x7F8A, 0x8127, 0x8588, 0x891A, 0x8AFB, 0x90E9, 0x98E6, 0x9C70, 0xA3AC,
    0xA3DB, 0xA536, 0xA556, 0xA794, 0xA912, 0xAB0A, 0xACFF, 0xAD20, 0xAEAC, 0xAEF8, 0xB2FB, 0xB5DD,
    0xB79B, 0xB952, 0xBB62, 0xBC12, 0xBD37, 0xBD5E, 0xBE41, 0xC04F, 0xC0E5, 0xC2C7, 0xC52B, 0xC648,
    0xCA49, 0xCAEB, 0xD979, 0xDAE2, 0xDBA0, 0xDF0D, 0xE4B1, 0xF7E5, 0xF9DA, 0xFF24, 0x0D43, 0x103B,
    0x106F, 0x2077, 0x23B5, 0x2974, 0x2B67, 0x2C0F, 0x2F11, 0x3A19, 0x3A9C, 0x3B97, 0x418A, 0x46A7,
    0x501E, 0x610D, 0x6756, 0x7817, 0x7959, 0x8EAD, 0x8EFA, 0x93A4, 0x9522, 0xA6C8, 0xAE1D, 0xB60C,
    0xBC9B, 0xC1C3, 0xC36B, 0xCD15, 0xD265, 0xD495, 0xDE0D, 0xFE08, 0x01D2, 0x03C3, 0x0675, 0x08ED,
    0x0978, 0x13AF, 0x15C6, 0x35E2, 0x42C9, 0x4584, 0x4CD9, 0x4E8E, 0x679A, 0x7333, 0x7BE6, 0x7DC0,
    0x80D1, 0xA10B, 0xA3AF, 0xA9C0, 0xB18A, 0xB429, 0xB8DF, 0xBF7F, 0xC044, 0xC1A6, 0xC384, 0xCA65,
    0xCC3C, 0xCD05, 0xCE28, 0xD038, 0xE468, 0xE71D, 0xEE7E, 0xF2B4, 0xF921, 0x0342, 0x2599, 0x2D9A,
    0x2F05, 0x338F, 0x378F, 0x427D, 0x4315, 0x496A, 0x4B89, 0x4E4A, 0x5F79, 0x62FA, 0x65F7, 0x6994,
    0x7567, 0x7648, 0x7BE4, 0x8302, 0x8522, 0x9CA3, 0xAAFB, 0xABF5, 0xB2FB, 0xB3F0, 0xC3A0, 0xCF34,
    0xDFDE, 0xE008, 0xE5C0, 0xF039, 0x010F, 0x0F7F, 0x12F4, 0x1BB9, 0x1DBA, 0x2253, 0x25B4, 0x25D1,
    0x26E2, 0x28E0, 0x29B0, 0x33D5, 0x398A, 0x3999, 0x3A9C, 0x3DE4, 0x4153, 0x4CA7, 0x4DD0, 0x538A,
    0x5B6F, 0x5B89, 0x60CF, 0x6A57, 0x6A61, 0x6BC8, 0x705B, 0x7449, 0x7508, 0x78CC, 0x7951, 0x8140,
    0x828F, 0x899D, 0x91AD, 0x98B1, 0x9E97, 0xA504, 0xA55D, 0xA746, 0xA98D, 0xB1B6, 0xB23F, 0xB2E0,
    0xB447, 0xB5AE, 0xB6F4, 0xD3AE, 0xD687, 0xD783, 0xD7C9, 0xD849, 0xEB06, 0xEF5F, 0xF53C, 0xFE7F,
    0x02AE, 0x04B2, 0x05BF, 0x0803, 0x080E, 0x085F, 0x0DB8, 0x1119, 0x116C, 0x13FA, 0x1529, 0x15C5,
    0x17E4, 0x2018, 0x253A, 0x340B, 0x37CD, 0x398A, 0x430C, 0x4638, 0x478E, 0x488F, 0x4CA7, 0x51BD,
    0x595E, 0x5C97, 0x5D01, 0x5E98, 0x67FD, 0x6826, 0x6B22, 0x6B44, 0x6B66, 0x722C, 0x760B, 0x7629,
    0x76A9, 0x775B, 0x7768, 0x8188, 0x8450, 0x8525, 0x8529, 0x85DF, 0x8756, 0x87D5, 0x88AB, 0x8E09,
    0x9338, 0x9EF3, 0xA1AB, 0xA679, 0xA8EB, 0xBEB9, 0xC2ED, 0xC9C0, 0xCD4E, 0xCD51, 0xCFF1, 0xD1DA,
    0xD722, 0xDC45, 0xEAAC, 0xEE6D, 0xF0E8, 0xF12B, 0xF425, 0xF646, 0xF84D, 0xFF7D, 0x0C41, 0x0FAB,
    0x11ED, 0x1811, 0x1C03, 0x1C24, 0x2634, 0x2985, 0x29D0, 0x33D5, 0x377B, 0x392D, 0x41C6, 0x48EF,
    0x4A17, 0x4B00, 0x5032, 0x50C3, 0x5360, 0x53D8, 0x5416, 0x5B1D, 0x6538, 0x6547, 0x6623, 0x6906,
    0x6984, 0x6C5E, 0x7244, 0x7432, 0x7D06, 0x7DDD, 0x7FAC, 0x81D0, 0x837A, 0x854F, 0x876B, 0x8B38,
    0x8D2C, 0x8F55, 0x92AF, 0x94C5, 0x9AD7, 0x9B36, 0x9C70, 0xA070, 0xA6D2, 0xAAC3, 0xAAFF, 0xB463,
    0xB51A, 0xB6BC, 0xB8C8, 0xBC69, 0xBF21, 0xC124, 0xC589, 0xC5C8, 0xCE5B, 0xCF26, 0xD064, 0xD18F,
    0xD97F, 0xDA8F, 0xDBFC, 0xDE99, 0xE55C, 0xE65B, 0xE75C, 0xF29E, 0xF310, 0xF9DA, 0xFB30, 0xFC78,
    0xFD89, 0xFF33, 0x0937, 0x0DD5, 0x175B, 0x17CC, 0x2A68, 0x3335, 0x3992, 0x3AA7, 0x42CC, 0x50BE,
    0x522A, 0x56BB, 0x59CC, 0x5ADA, 0x5CF8, 0x5D17, 0x6012, 0x6A61, 0x6D6F, 0x71DA, 0x8833, 0x8865,
    0x93AF, 0x94F8, 0xA705, 0xAC14, 0xB2F9, 0xCAC3, 0xCB8D, 0xCDF2, 0xDD63, 0xDD8A, 0xE019, 0xE02E,
    0xE1F9, 0xE864, 0xFADF, 0x1037, 0x25AF, 0x4836, 0x4997, 0x56EC, 0x5A86, 0x6F89, 0x8F42, 0x91B8,
    0x92AE, 0xA6E3, 0xA942, 0xAB2C, 0xB7C8, 0xCAC7, 0xD41F, 0xF182, 0xFCDC, 0xFEA3, 0x0937, 0x0AA7,
    0x0E7E, 0x1273, 0x14EC, 0x157D, 0x288F, 0x2A67, 0x2A68, 0x2BA3, 0x2FBE, 0x3379, 0x347F, 0x35D7,
    0x35FB, 0x39B2, 0x3F10, 0x4191, 0x4358, 0x43FC, 0x446C, 0x4B01, 0x4C1A, 0x5AEB, 0x5D5A, 0x61E9,
    0x62A2, 0x6770, 0x6A61, 0x6A7B, 0x6BCC, 0x7333, 0x74DA, 0x750F, 0x75EE, 0x76EC, 0x771D, 0x7B1C,
    0x7B2F, 0x840F, 0x84CD, 0x86D5, 0x8AD9, 0x8D1F, 0x94DB, 0x9577, 0x9BDA, 0xA08B, 0xB011, 0xB9AA,
    0xBD73, 0xC33E, 0xC5C0, 0xC899, 0xCC85, 0xCEBE, 0xD008, 0xD516, 0xD78D, 0xD7EF, 0xDA0B, 0xE1AA,
    0xE349, 0xE919, 0xEA73, 0xEDB6, 0xF382, 0xF4FC, 0xFC71, 0x2E34, 0x3349, 0x459A, 0x4F19, 0x7222,
    0x783B, 0x7E11, 0xA45A, 0xB186, 0xB4F4, 0xBC56, 0xD1C4, 0xE0EE, 0x03A6, 0x1834, 0x1EF7, 0x2732,
    0x38FE, 0x3E2B, 0x3FC0, 0x406F, 0x5389, 0x5E82, 0x75AB, 0x7A91, 0x7F61, 0x99CC, 0xAE1B, 0xEAAA,
    0xF221, 0xF2C3, 0x033D, 0x057B, 0x06CA, 0x0B1B, 0x0D30, 0x1025, 0x10CA, 0x116A, 0x1278, 0x1367,
    0x1384, 0x1407, 0x15E5, 0x1836, 0x197B, 0x1A74, 0x1B7A, 0x1C51, 0x1D61, 0x1EC5, 0x1F81, 0x1FA2,
    0x210A, 0x2277, 0x2434, 0x26A7, 0x2825, 0x2BDE, 0x2F05, 0x2F3B, 0x3419, 0x37C8, 0x3EFC, 0x40CE,
    0x432F, 0x489A, 0x4A28, 0x4E66, 0x51C4, 0x53D2, 0x5C51, 0x5D91, 0x5DAE, 0x5FE7, 0x633D, 0x638C,
    0x66FE, 0x6A7B, 0x6B27, 0x6F57, 0x709E, 0x7287, 0x7576, 0x75C1, 0x780D, 0x78A8, 0x7A77, 0x8184,
    0x81D4, 0x8302, 0x8522, 0x85ED, 0x8AAD, 0x8EA5, 0x9487, 0x95C0, 0x9605, 0x9648, 0x9967, 0x99EC,
    0x9EB9, 0x9FCD, 0xA08D, 0xA228, 0xA378, 0xA4A6, 0xA68A, 0xA8E5, 0xAAFB, 0xAD01, 0xB096, 0xB1C5,
    0xB26F, 0xB70B, 0xB8D3, 0xB966, 0xB97B, 0xBA0F, 0xBDDC, 0xBE04, 0xBE79, 0xBE89, 0xC3D4, 0xC81E,
    0xCAD0, 0xCC66, 0xD772, 0xD78C, 0xD846, 0xDC16, 0xE11C, 0xE2CB, 0xE62A, 0xEB24, 0xF0D9, 0xF0E4,
    0xF247, 0xF66A, 0xFA01, 0xFB68, 0xFC68, 0x0018, 0x01EC, 0x03C1, 0x041B, 0x093E, 0x0D4F, 0x0FF3,
    0x175F, 0x195E, 0x1D4A, 0x1F77, 0x28B4, 0x2AF6, 0x2B6D, 0x2BFB, 0x2D9B, 0x2DC7, 0x32A1, 0x330D,
    0x3592, 0x379C, 0x39FA, 0x3C32, 0x3D19, 0x44C4, 0x489A, 0x4A8E, 0x4AA0, 0x4ABA, 0x4BD5, 0x4F4D,
    0x5ADA, 0x5B09, 0x5C97, 0x5D78, 0x5E5F, 0x5F46, 0x6486, 0x6B66, 0x6CBD, 0x717E, 0x74CE, 0x79BF,
    0x7C31, 0x8045, 0x807B, 0x8184, 0x84C2, 0x88CF, 0x8994, 0x8BBF, 0x8DF8, 0x8E38, 0x901B, 0x9068,
    0x93BA, 0x9927, 0x99DB, 0x9A2B, 0x9DBD, 0x9EA2, 0xA32A, 0xA3DA, 0xA512, 0xACC8, 0xB149, 0xB40B,
    0xB53F, 0xC283, 0xC2BE, 0xC3D0, 0xC562, 0xC849, 0xC9C6, 0xCF84, 0xD22C, 0xD370, 0xD722, 0xD7E5,
    0xDADE, 0xDAF4, 0xDC38, 0xDD2E, 0xE01C, 0xE028, 0xE163, 0xE31E, 0xE4DF, 0xE4E6, 0xEAA1, 0xECD7,
    0xF0CC, 0xF5A5, 0xF6A1, 0xF883, 0xF99D, 0xF99E, 0xFB57, 0xFD4C, 0xFDE5, 0x033E, 0x055D, 0x0681,
    0x06E7, 0x1089, 0x10A2, 0x13F5, 0x1698, 0x1A3D, 0x1A5C, 0x1E21, 0x207A, 0x2192, 0x22CA, 0x2341,
    0x2342, 0x246F, 0x2577, 0x332F, 0x3619, 0x3986, 0x3996, 0x3E3E, 0x3E96, 0x42BD, 0x4496, 0x4992,
    0x4A49, 0x4AB1, 0x4C5B, 0x5000, 0x5004, 0x50E1, 0x5115, 0x531E, 0x536A, 0x558A, 0x57F0, 0x5959,
    0x5ADA, 0x5BBA, 0x5FAA, 0x61B2, 0x6501, 0x66D9, 0x6D7D, 0x717A, 0x7244, 0x729B, 0x7A2B, 0x7A54,
    0x8311, 0x853A, 0x883B, 0x8845, 0x8F3E, 0x8FEA, 0x953A, 0x98CF, 0x9C53, 0x9E0E, 0x9F8E, 0xA1DA,
    0xA4C6, 0xA88F, 0xA9F8, 0xAB42, 0xAB69, 0xB40B, 0xB5AF, 0xB6DC, 0xB7EF, 0xBA7A, 0xBB15, 0xBCDD,
    0xBEF5, 0xC15E, 0xC667, 0xC747, 0xC765, 0xC9F6, 0xCAE2, 0xCCE5, 0xCD67, 0xCD75, 0xD021, 0xD1F4,
    0xD2E9, 0xD5FC, 0xD7BD, 0xDC38, 0xDC9F, 0xDCEC, 0xDD01, 0xDF6B, 0xE124, 0xE3A9, 0xE413, 0xEA07,
    0xEB3B, 0xEC74, 0xEEB6, 0xF049, 0xF137, 0xF3BE, 0xF61D, 0xF709, 0xFC6A, 0xFDD6, 0xFE9C, 0x18CA,
    0x5F5C, 0x7E3C, 0xA305, 0xA9F1, 0xCEB7, 0xD3F2, 0xE811, 0xEB33, 0x4680, 0x5F1E, 0x7A5B, 0x7AE9,
    0x7C57, 0x8B1E, 0x9DD3, 0xAA1E, 0xAF52, 0xD5F7, 0xDDC1, 0x0874, 0x10E1, 0x1E75, 0x2C2F, 0x3060,
    0x3914, 0x4F5B, 0x5C19, 0x968F, 0x9742, 0x9B5F, 0x9F40, 0xA43D, 0xB5A4, 0xBFAB, 0xD44F, 0x0941,
    0x0A97, 0x14E8, 0x27B7, 0x347F, 0x3A0C, 0x4789, 0x4F7C, 0x53F6, 0x5997, 0x5A76, 0x6865, 0x68A6,
    0x73D7, 0x745E, 0x7B1C, 0x8258, 0x8470, 0x853B, 0x951C, 0x9758, 0xA976, 0xB1B0, 0xC488, 0xCC73,
    0xCE0F, 0xD479, 0xDABB, 0xF4E8, 0xF4F1, 0xF7E9, 0xFB77, 0x0342, 0x0C9B, 0x1EB9, 0x2127, 0x22BF,
    0x28EA, 0x2B0A, 0x2BAA, 0x39DC, 0x427D, 0x48A9, 0x4F70, 0x5781, 0x6473, 0x679A, 0x6A30, 0x702E,
    0x7097, 0x7BE4, 0x9CA3, 0x9CC0, 0x9D73, 0xA16A, 0xA3FD, 0xABBE, 0xBFCA, 0xC134, 0xC472, 0xC8F1,
    0xCB67, 0xCC44, 0xD30C, 0xDEB0, 0xE0D0, 0xECEB, 0xF2C5, 0xF4E0, 0xF64F, 0xFAFA, 0x00F9, 0x1575,
    0x15EB, 0x1DBA, 0x1DCB, 0x28E0, 0x2966, 0x2D92, 0x2EC5, 0x3900, 0x398B, 0x3DE4, 0x4153, 0x4DD0,
    0x60CF, 0x61B0, 0x6588, 0x73FA, 0x75C1, 0x789B, 0x7AA5, 0x7DCA, 0x81C2, 0x8320, 0x8BBF, 0x8C54,
    0x8C57, 0x8D73, 0x90A9, 0x91FD, 0x9A7A, 0xA45D, 0xA86E, 0xACDD, 0xAE1D, 0xAFCC, 0xB23F, 0xBDA4,
    0xBF40, 0xC760, 0xD155, 0xD25F, 0xD783, 0xD849, 0xD90D, 0xD9CE, 0xE266, 0xEC3E, 0xEC87, 0xEC9E,
    0xF029, 0xF962, 0xFE2A, 0x0D82, 0x1025, 0x2175, 0x2800, 0x28EE, 0x2BF9, 0x2D1B, 0x334E, 0x41B8,
    0x41F0, 0x425A, 0x489A, 0x4A17, 0x4D18, 0x4E98, 0x4EB4, 0x4F78, 0x5032, 0x5235, 0x5360, 0x58B0,
    0x5B4F, 0x5BA4, 0x5CF8, 0x6425, 0x660D, 0x6A10, 0x6AA1, 0x6ABB, 0x6E0C, 0x6F53, 0x7244, 0x756A,
    0x76BE, 0x7A5B, 0x7A80, 0x7C57, 0x7E55, 0x8184, 0x895F, 0x8B4D, 0x8CC8, 0x8EBD, 0x9182, 0x9758,
    0x9C85, 0xA248, 0xA7A3, 0xA9D7, 0xAAA2, 0xAAC3, 0xAAD0, 0xB068, 0xB51E, 0xB54A, 0xB74D, 0xBB61,
    0xBC61, 0xC650, 0xCD01, 0xD074, 0xD5F7, 0xD67F, 0xD86E, 0xDDC1, 0xDF0D, 0xDF6D, 0xE188, 0xE77D,
    0xEA2F, 0xEB98, 0xF09E, 0xF324, 0xF78D, 0xF8FE, 0xFAD1, 0x0435, 0x0531, 0x0F02, 0x103B, 0x11E6,
    0x1557, 0x2246, 0x2950, 0x41C2, 0x4A80, 0x538E, 0x6174, 0x73AE, 0x755D, 0x7CF8, 0x7F35, 0x7F94,
    0x8B1D, 0xB40B, 0xBCF6, 0xC397, 0xCD03, 0xCE32, 0xD45F, 0xDC38, 0xE349, 0xEA05, 0xEABE, 0xEAC2,
    0xED2A, 0xF413, 0xFA8B, 0x032D, 0x0427, 0x07CA, 0x0D4E, 0x0EC0, 0x103B, 0x1105, 0x11B9, 0x125F,
    0x182C, 0x1B8E, 0x2422, 0x24B4, 0x27DF, 0x287B, 0x339F, 0x3428, 0x37DE, 0x3C38, 0x40D6, 0x4483,
    0x5C9A, 0x5D71, 0x6575, 0x65C0, 0x65E6, 0x6A61, 0x7628, 0x76EA, 0x7951, 0x7B27, 0x7BF9, 0x80C7,
    0x81CB, 0x823B, 0x86EB, 0x86F1, 0x8C28, 0x8FB9, 0xA677, 0xA76A, 0xAEF5, 0xBDA0, 0xBEA6, 0xC002,
    0xC008, 0xC174, 0xC4A9, 0xC4FF, 0xC614, 0xC620, 0xC6EC, 0xC90C, 0xD081, 0xD9BC, 0xE349, 0xEC6E,
    0xEC88, 0xF7A3, 0xF9B7, 0xFB08, 0xFB27, 0x01BA, 0x0331, 0x0398, 0x03FF, 0x08AC, 0x08D5, 0x0937,
    0x099E, 0x0AA7, 0x0ABA, 0x0AF4, 0x0B2D, 0x0B66, 0x0D3D, 0x0D4E, 0x0D9A, 0x0DF0, 0x0EBB, 0x1078,
    0x1105, 0x12D5, 0x1343, 0x1521, 0x153A, 0x166C, 0x18EF, 0x1909, 0x1AD8, 0x1ADC, 0x1C03, 0x1D00,
    0x1D35, 0x1DBA, 0x1DD8, 0x1E96, 0x2067, 0x2575, 0x26BB, 0x2720, 0x27EE, 0x28ED, 0x2A68, 0x2A78,
    0x2B5F, 0x2B84, 0x2B9A, 0x2BA9, 0x2D35, 0x2E65, 0x2E9B, 0x2EC5, 0x3084, 0x319F, 0x33A6, 0x34A1,
    0x34BA, 0x359B, 0x3701, 0x3846, 0x3947, 0x394A, 0x3C54, 0x3ED4, 0x41EA, 0x4351, 0x447B, 0x455D,
    0x4582, 0x4987, 0x4B00, 0x4B01, 0x4B87, 0x4C81, 0x4D66, 0x50C3, 0x51B2, 0x5269, 0x5360, 0x5640,
    0x5831, 0x5935, 0x593B, 0x5A3A, 0x5AEB, 0x5B3A, 0x5BCB, 0x5C1A, 0x5DA6, 0x5E48, 0x5EB1, 0x6133,
    0x632D, 0x63F8, 0x6452, 0x649C, 0x6761, 0x6787, 0x67F8, 0x69A4, 0x69C0, 0x69E3, 0x6A61, 0x6A98,
    0x6AB4, 0x6B3A, 0x6C5E, 0x6D00, 0x6EA5, 0x6FA6, 0x6FFE, 0x707F, 0x70CE, 0x7177, 0x7244, 0x7360,
    0x7372, 0x741F, 0x748F, 0x754C, 0x7554, 0x760E, 0x76A8, 0x7788, 0x78A7, 0x7907, 0x7960, 0x7A66,
    0x7D6B, 0x7DDD, 0x7EB5, 0x8133, 0x84CD, 0x85DF, 0x86AD, 0x8B31, 0x8B59, 0x8C83, 0x8D0B, 0x924E,
    0x92A3, 0x939F, 0x9577, 0x95E4, 0x9781, 0x989A, 0x9925, 0x99DB, 0x9B36, 0x9C70, 0x9E32, 0x9E33,
    0x9FAF, 0xA087, 0xA19E, 0xA1BB, 0xA2FC, 0xA4C9, 0xA822, 0xA849, 0xA851, 0xA912, 0xA9B9, 0xA9F0,
    0xAA0A, 0xAA95, 0xAAB5, 0xAB06, 0xACB1, 0xACFF, 0xAD20, 0xAD2D, 0xAD3F, 0xB0D2, 0xB26A, 0xB353,
    0xB3F9, 0xB472, 0xB56E, 0xB7EA, 0xB8AE, 0xB8BA, 0xB92B, 0xBA61, 0xBBD9, 0xBC6A, 0xBFB5, 0xC1D3,
    0xC2C7, 0xC32F, 0xC33C, 0xC33E, 0xC444, 0xC4FF, 0xC81B, 0xC83C, 0xC83F, 0xCBC7, 0xCCC5, 0xCDBA,
    0xCDE0, 0xCE65, 0xCEC0, 0xD0D4, 0xD0F1, 0xD121, 0xD17F, 0xD24F, 0xD31D, 0xD470, 0xD4E8, 0xD516,
    0xD634, 0xD6A2, 0xD6AB, 0xD72B, 0xD82A, 0xD843, 0xD95D, 0xD991, 0xDA0B, 0xDB23, 0xDBA0, 0xDC9C,
    0xDE63, 0xDFAB, 0xE197, 0xE387, 0xE430, 0xE6E1, 0xE7E3, 0xE8F2, 0xEAF0, 0xEB37, 0xEBE2, 0xEEFA,
    0xEF5A, 0xEF63, 0xEF6A, 0xF0E8, 0xF3CC, 0xF3D3, 0xF590, 0xF68F, 0xF723, 0xF7D8, 0xF922, 0xF939,
    0xF9DA, 0xFB67, 0xFDB5, 0xFE6F, 0xFF80, 0x02D0, 0x0330, 0x0839, 0x0E44, 0x12A4, 0x1614, 0x2583,
    0x37EC, 0x483F, 0x4DB4, 0x4DCF, 0x5B8F, 0x60A4, 0x6737, 0x77F7, 0x7A3F, 0x7B36, 0x7E16, 0x7FA0,
    0x7FFF, 0x86AC, 0x8DA3, 0x8F08, 0x9251, 0x95E2, 0x9C21, 0xA0B0, 0xA47F, 0xA901, 0xAA8B, 0xB011,
    0xB56C, 0xB69E, 0xC7DE, 0xC9A2, 0xCC5D, 0xD8C0, 0xD8E2, 0xDF4C, 0xE054, 0xE178, 0xE5B4, 0xE883,
    0xEB7F, 0xED7D, 0xF074, 0xF60C, 0xFF37, 0x01C5, 0x1F77, 0x2F6C, 0x348C, 0x3D3B, 0x3F8D, 0x489A,
    0x4D94, 0x525B, 0x5C54, 0x5C97, 0x5FE2, 0x6A86, 0x73CE, 0x75EA, 0x76A6, 0x76E7, 0x7E32, 0x8739,
    0x87C1, 0x8811, 0x8A5E, 0x8B94, 0x9278, 0x9531, 0xA381, 0xCA28, 0xD722, 0xE163, 0xE45C, 0xECA2,
    0xED7D, 0xF730, 0xF90C, 0xFB65, 0x1856, 0x1D77, 0x280D, 0x2B30, 0x4695, 0x4F0B, 0x6E0B, 0x74FB,
    0x8A12, 0xA393, 0xA543, 0xA9DF, 0xC4F6, 0xC706, 0xCCC4, 0xE3F7, 0xEB2B, 0xFD46, 0x0265, 0x0268,
    0x0562, 0x065F, 0x09C5, 0x09C5, 0x0A0B, 0x0C44, 0x0CB0, 0x0F6B, 0x0FF7, 0x139C, 0x1613, 0x1704,
    0x185B, 0x1B26, 0x1BCA, 0x1F77, 0x20E5, 0x26C1, 0x2757, 0x2856, 0x2A9B, 0x30F1, 0x31D5, 0x3299,
    0x32A8, 0x3427, 0x348B, 0x38B1, 0x38C1, 0x3A5C, 0x3AD5, 0x3FEC, 0x43D1, 0x43E1, 0x4582, 0x4DDF,
    0x5125, 0x51DF, 0x5388, 0x55CA, 0x55EB, 0x575C, 0x584D, 0x58D4, 0x58F5, 0x58FE, 0x5A3F, 0x5F18,
    0x5F2E, 0x604B, 0x62C2, 0x652E, 0x66C4, 0x6826, 0x6905, 0x699E, 0x69D2, 0x6B1E, 0x6BA0, 0x6BF2,
    0x7301, 0x7570, 0x7581, 0x7615, 0x76D8, 0x775B, 0x7ACC, 0x7B14, 0x7C38, 0x7E15, 0x7E63, 0x7F45,
    0x81E1, 0x81E1, 0x8678, 0x8741, 0x87FE, 0x880E, 0x8D43, 0x8F83, 0x9514, 0x9612, 0x967A, 0x986E,
    0x99BE, 0x9A2C, 0x9AA2, 0x9B14, 0x9E6F, 0xA7D1, 0xA93B, 0xAA5F, 0xAE5B, 0xB061, 0xB0BF, 0xB1B1,
    0xB998, 0xBC45, 0xBD64, 0xBF65, 0xC0A8, 0xC11A, 0xC273, 0xC73E, 0xCB6F, 0xCBFD, 0xCD27, 0xCD97,
    0xD095, 0xD0C5, 0xD3B1, 0xD450, 0xD670, 0xD99F, 0xDC28, 0xE72C, 0xEA57, 0xECA1, 0xED52, 0xEE7A,
    0xF314, 0xF5ED, 0xF99B, 0xF9A4, 0xF9E7, 0xFA6C, 0xFABF, 0xFB57, 0x0475, 0x0D16, 0x1696, 0x1C5B,
    0x2696, 0x3A36, 0x496D, 0x5281, 0x619C, 0x6AA1, 0x766F, 0x84DA, 0x8FC8, 0x9784, 0x9D3C, 0xA9CA,
    0xC285, 0xD2A4, 0xE06C, 0xF3D3, 0x0994, 0x0F9E, 0x16D3, 0x228E, 0x2327, 0x2C8E, 0x2CF8, 0x319D,
    0x32EC, 0x3337, 0x3384, 0x33F9, 0x37EC, 0x3ACF, 0x3B48, 0x3FC6, 0x438B, 0x4E8E, 0x58EE, 0x5D76,
    0x6114, 0x6504, 0x68C9, 0x6AD0, 0x6ADA, 0x6EDE, 0x6F13, 0x7C2E, 0x7D4F, 0x811F, 0x816A, 0x857B,
    0x8B40, 0x8C8D, 0x8D91, 0x8DBA, 0x92F8, 0x9DB9, 0x9E47, 0xAA44, 0xB025, 0xB3C6, 0xB890, 0xBAB0,
    0xBBC4, 0xBF81, 0xC1D8, 0xC364, 0xC826, 0xC917, 0xCA25, 0xCB86, 0xCC3C, 0xCF6F, 0xCFDC, 0xD036,
    0xD48B, 0xD8C0, 0xDA55, 0xDD5F, 0xDEDF, 0xE0CD, 0xE375, 0xE396, 0xE8F8, 0xEAEE, 0xED0E, 0xF4F1,
    0xF4F2, 0xFA93, 0xFB11, 0xFC69, 0x0435, 0x04F9, 0x0BCE, 0x0F15, 0x0F21, 0x102E, 0x103B, 0x1105,
    0x1165, 0x1579, 0x241F, 0x2996, 0x29B9, 0x33A4, 0x34E1, 0x3846, 0x38D3, 0x3ED9, 0x42CF, 0x43CA,
    0x49EA, 0x4E2F, 0x5781, 0x57C1, 0x5B7B, 0x5C73, 0x5FE7, 0x643D, 0x6473, 0x6553, 0x6A18, 0x6A1E,
    0x6D4A, 0x6D4C, 0x7067, 0x7138, 0x73AF, 0x755D, 0x768D, 0x779C, 0x78A8, 0x79DF, 0x7A19, 0x7D89,
    0x7E27, 0x7F5E, 0x8833, 0x88EE, 0x8A7B, 0x8BF4, 0x9402, 0x952C, 0x97C8, 0x9AF5, 0x9CC4, 0x9E9A,
    0x9FCD, 0x9FE5, 0xA3FE, 0xA6F5, 0xA7E4, 0xA8F9, 0xB011, 0xB12B, 0xB161, 0xBB6A, 0xBC76, 0xC47A,
    0xC8F1, 0xC9C4, 0xCC30, 0xCFED, 0xD0AA, 0xE0D0, 0xE433, 0xEA61, 0xEAA5, 0xF2B7, 0xF310, 0xF38D,
    0xF7D8, 0x12A1, 0x13B3, 0x195E, 0x2563, 0x2D32, 0x346E, 0x3592, 0x3D3A, 0x459A, 0x4856, 0x4CD9,
    0x57B3, 0x734D, 0x750D, 0x8ED9, 0xA714, 0xB41E, 0xBEB9, 0xEF66, 0x024C, 0x0435, 0x103B, 0x1DDE,
    0x2181, 0x26E1, 0x4715, 0x4BB2, 0x4C49, 0x5802, 0x58C7, 0x58FC, 0x5951, 0x81B3, 0x823B, 0xA1E9,
    0xA43A, 0xA46E, 0xAE87, 0xAEFA, 0xB35B, 0xBCF1, 0xBE5A, 0xBF46, 0xC351, 0xE029, 0xF97B, 0x02F5,
    0x0937, 0x0CDB, 0x1089, 0x1274, 0x127B, 0x1374, 0x1BBF, 0x1C03, 0x1CB1, 0x2A68, 0x3508, 0x3560,
    0x3BD3, 0x3D96, 0x3E8A, 0x4152, 0x459A, 0x4C1F, 0x4D1A, 0x4E98, 0x5122, 0x539A, 0x5612, 0x5959,
    0x5D45, 0x6A30, 0x6A61, 0x6AAA, 0x6D65, 0x7097, 0x7244, 0x74AA, 0x7686, 0x79DD, 0x7EEE, 0x8148,
    0x938A, 0x9D73, 0xA226, 0xA3FE, 0xACFA, 0xB86E, 0xBB15, 0xC351, 0xC472, 0xC570, 0xC8C8, 0xC8F1,
    0xD555, 0xDADA, 0xDC57, 0xE1F0, 0xF00D, 0xF3D3, 0xF9F4, 0xFF7A, 0x0437, 0x14AE, 0x1ABE, 0x1CA2,
    0x1DCB, 0x1FB1, 0x22EB, 0x2E3F, 0x31B7, 0x40BA, 0x4388, 0x473A, 0x484D, 0x4E0C, 0x54C7, 0x57F1,
    0x5BA0, 0x5F1F, 0x5FB5, 0x630D, 0x7703, 0x7957, 0x82E5, 0x8367, 0x9C32, 0xA421, 0xA90B, 0xAAA8,
    0xAE40, 0xB71B, 0xC00B, 0xC067, 0xC6D7, 0xC968, 0xCB05, 0xCCE6, 0xCEA6, 0xD320, 0xE17E, 0x0203,
    0x0A85, 0x0B15, 0x0EE0, 0x0F1D, 0x0F40, 0x1012, 0x113C, 0x15D9, 0x184C, 0x189B, 0x19CF, 0x1FDF,
    0x20FA, 0x221B, 0x2432, 0x28A9, 0x29C8, 0x29D6, 0x2A01, 0x2E56, 0x344B, 0x3791, 0x3B49, 0x3D0F,
    0x3ECE, 0x4315, 0x437D, 0x48E3, 0x5217, 0x52E9, 0x53DF, 0x58C3, 0x595E, 0x5D88, 0x65FD, 0x6FF7,
    0x8198, 0x85BD, 0x8B20, 0x8C28, 0x8FA7, 0x91D8, 0x92A9, 0x93FC, 0x9487, 0x9641, 0x96DB, 0x97E6,
    0xA5F5, 0xAAF9, 0xAAFF, 0xAC61, 0xB047, 0xBA2F, 0xBC69, 0xBC7B, 0xC2DA, 0xC316, 0xC6B8, 0xC86F,
    0xCA1D, 0xCB75, 0xD08E, 0xD127, 0xD22E, 0xD48D, 0xD7BD, 0xD9C0, 0xDA46, 0xDC70, 0xE30E, 0xE91F,
    0xEAA0, 0xEBE1, 0xEC30, 0xED02, 0xEF95, 0xF0BC, 0xF211, 0xF6CB, 0xF80A, 0xF905, 0xFB65, 0xFE74,
    0xFE92, 0xFF2A, 0x0191, 0x09CA, 0x1073, 0x1BDB, 0x1DE1, 0x2014, 0x27EF, 0x2A08, 0x2C1B, 0x37F4,
    0x3C8A, 0x3F97, 0x4E5D, 0x50CC, 0x5EE3, 0x60FC, 0x6192, 0x63AC, 0x64A5, 0x65DD, 0x671D, 0x6E0C,
    0x78DF, 0x7DB7, 0x7FBD, 0x81D6, 0x84A6, 0x8548, 0x858F, 0x887E, 0x8AC8, 0x92D1, 0x9629, 0x9722,
    0x9E15, 0xAB93, 0xACE5, 0xB4CB, 0xB4EA, 0xB652, 0xB992, 0xBE90, 0xBF15, 0xC3D0, 0xD597, 0xD78C,
    0xD7C4, 0xDBF3, 0xDD53, 0xE249, 0xE7F3, 0xEE42, 0xEFBD, 0xF20E, 0xF99B, 0x0088, 0x024F, 0x0256,
    0x04A5, 0x04DA, 0x065C, 0x0D61, 0x10C6, 0x12A4, 0x12E3, 0x15B2, 0x1607, 0x1D17, 0x2007, 0x268A,
    0x26BF, 0x27D8, 0x2B9A, 0x2C45, 0x31EB, 0x3237, 0x36B7, 0x375F, 0x3798, 0x39E6, 0x3BAD, 0x3C3A,
    0x3D54, 0x4221, 0x478E, 0x47B0, 0x5558, 0x5612, 0x56A6, 0x5788, 0x586E, 0x5974, 0x5B76, 0x5BA7,
    0x5C16, 0x5F19, 0x61A3, 0x61D1, 0x624B, 0x629B, 0x62FC, 0x6334, 0x662D, 0x6671, 0x69C3, 0x6A25,
    0x7B04, 0x7F4D, 0x818C, 0x8470, 0x847B, 0x889F, 0x88E4, 0x9081, 0x944F, 0x96D2, 0x9A60, 0x9BBF,
    0x9DEE, 0x9DF5, 0xA19F, 0xAD41, 0xADF8, 0xAFA3, 0xB30A, 0xB679, 0xBB0D, 0xBD72, 0xC479, 0xC535,
    0xC647, 0xC89E, 0xCA15, 0xCA34, 0xD05E, 0xD18C, 0xD284, 0xD33C, 0xD36D, 0xDA88, 0xE1D8, 0xE2E0,
    0xE30D, 0xE594, 0xE61D, 0xEBD2, 0xEC7A, 0xEE8C, 0xEF21, 0xEFC4, 0xF4BD, 0xF819, 0xF957, 0xFA74,
    0xFC35, 0x0937, 0x0DAA, 0x143E, 0x14ED, 0x17CC, 0x1C03, 0x2A68, 0x316E, 0x35A0, 0x3992, 0x41B2,
    0x4D1A, 0x4EE0, 0x5122, 0x539A, 0x54F0, 0x5959, 0x6673, 0x6BA1, 0x7244, 0x760E, 0x7B2F, 0x7DDD,
    0x834F, 0x8588, 0x8BEC, 0x94B6, 0x9BDA, 0xA3DB, 0xA474, 0xA5F1, 0xA70B, 0xB489, 0xB878, 0xBA36,
    0xBA80, 0xBB15, 0xCAC3, 0xCB61, 0xD544, 0xD7F9, 0xDBA0, 0xE450, 0xEB23, 0xEB73, 0xECAD, 0xEF6A,
    0xF075, 0xF33D, 0xFF7A, 0x0331, 0x077F, 0x0937, 0x0A88, 0x0AA7, 0x109F, 0x15B2, 0x1751, 0x179F,
    0x17AC, 0x1AD6, 0x1C03, 0x1F77, 0x20CB, 0x2279, 0x261F, 0x2A68, 0x2E9B, 0x308C, 0x30B0, 0x3118,
    0x313A, 0x346C, 0x34FC, 0x3550, 0x3846, 0x38E4, 0x3985, 0x3D5F, 0x40B8, 0x42F8, 0x460D, 0x4B00,
    0x4B01, 0x4B63, 0x4D2F, 0x4D4D, 0x4D66, 0x5093, 0x50C3, 0x51AA, 0x52B6, 0x5360, 0x563E, 0x56BD,
    0x57C7, 0x5972, 0x5AEB, 0x5B2E, 0x6675, 0x6C5E, 0x6C9A, 0x6F21, 0x6F33, 0x6FCD, 0x6FFE, 0x701D,
    0x7244, 0x757D, 0x760E, 0x78FE, 0x7A8F, 0x7D78, 0x7DDD, 0x7EB4, 0x8251, 0x84CD, 0x85B7, 0x8655,
    0x89D4, 0x8BAC, 0x8ECF, 0x8FE3, 0x904D, 0x9359, 0x93C7, 0x9577, 0x9925, 0x9ABE, 0x9B36, 0x9B44,
    0x9B45, 0x9B81, 0x9C70, 0xA1BB, 0xA32A, 0xA7F5, 0xA912, 0xAD20, 0xBB39, 0xBDF3, 0xC086, 0xC32E,
    0xC33E, 0xC925, 0xC9CD, 0xCB3D, 0xCBAC, 0xCE9E, 0xCF55, 0xD4CD, 0xD516, 0xD8D3, 0xDA0B, 0xDBA0,
    0xDF68, 0xE582, 0xE60F, 0xE7E3, 0xE8B8, 0xEB50, 0xEB72, 0xEBC8, 0xEDDB, 0xEE1D, 0xEF6A, 0xEFA4,
    0xF04D, 0xF06A, 0xF214, 0xF387, 0xF3D5, 0xF57B, 0xF590, 0xF880, 0xF9DA, 0xFA32, 0xFD9C, 0xFE8E,
    0x0331, 0x0A18, 0x0AA7, 0x0EFB, 0x110A, 0x1220, 0x1406, 0x2708, 0x272D, 0x2A68, 0x2DCE, 0x2E05,
    0x2E95, 0x2E9B, 0x3145, 0x3303, 0x3846, 0x3918, 0x3F50, 0x411E, 0x416C, 0x462E, 0x4631, 0x46C9,
    0x47DD, 0x482A, 0x4B00, 0x4B01, 0x4D66, 0x4FD9, 0x50C3, 0x5360, 0x5AEB, 0x62AD, 0x65FA, 0x660E,
    0x6A54, 0x6BBF, 0x6C0D, 0x6C5E, 0x6DA6, 0x6F93, 0x6FFE, 0x70D3, 0x74D5, 0x760E, 0x76DE, 0x78AB,
    0x7B39, 0x7D8D, 0x7DDD, 0x809D, 0x833D, 0x84CD, 0x8733, 0x8975, 0x8ADA, 0x8E5D, 0x9365, 0x942E,
    0x9577, 0x9925, 0x9A17, 0x9B36, 0x9C70, 0x9CA6, 0x9DA4, 0xA163, 0xA1BB, 0xA912, 0xABC0, 0xAD20,
    0xB11F, 0xB6EE, 0xBACF, 0xBC51, 0xC33E, 0xC694, 0xC69A, 0xC9DA, 0xCA98, 0xD338, 0xD351, 0xD516,
    0xDA0B, 0xDA50, 0xDBA0, 0xE073, 0xE0E9, 0xE210, 0xE56B, 0xE7E3, 0xEF6A, 0xEF9C, 0xEFE2, 0xF310,
    0xF7D6, 0xF9DA, 0xFAA6, 0xFCF0, 0xFE79, 0x1ABE, 0xEED2, 0xF983, 0x02DD, 0x02EE, 0x09E9, 0x0C4A,
    0x0D18, 0x0D1E, 0x0E94, 0x0F67, 0x1025, 0x126A, 0x130B, 0x1467, 0x1B5C, 0x1C03, 0x1DB9, 0x2220,
    0x2409, 0x29D5, 0x2AFD, 0x2F68, 0x347A, 0x39D7, 0x3B51, 0x3EC9, 0x41E9, 0x4A17, 0x524E, 0x5360,
    0x5644, 0x5C37, 0x5F2D, 0x64B8, 0x69A6, 0x6B27, 0x700B, 0x7244, 0x7333, 0x76A5, 0x7EBE, 0x7F20,
    0x8214, 0x867A, 0x881B, 0x8E0A, 0x8F19, 0x9580, 0x95D2, 0x96A8, 0x9C70, 0x9E0B, 0xA19C, 0xA2B2,
    0xA5AF, 0xAB9A, 0xAE9C, 0xAEA7, 0xAEE7, 0xAFBA, 0xB413, 0xB58A, 0xBBAC, 0xBE0F, 0xC4AA, 0xC72A,
    0xC7F1, 0xD074, 0xD823, 0xD83F, 0xDA66, 0xE6DC, 0xEA2F, 0xEABB, 0xECC0, 0xF0A0, 0xF4E4, 0xF5EA,
    0xF78D, 0xF7AE, 0xF936, 0xFCCD, 0xFD2C, 0x00C0, 0x041A, 0x052A, 0x068D, 0x097D, 0x09AE, 0x0DED,
    0x0DEE, 0x0F2D, 0x1023, 0x1300, 0x1645, 0x16E9, 0x1794, 0x1948, 0x1F21, 0x23C4, 0x23EA, 0x2639,
    0x26E0, 0x280D, 0x2872, 0x2975, 0x2B47, 0x2CD6, 0x2E1B, 0x2EFF, 0x3179, 0x341B, 0x3493, 0x34B5,
    0x351A, 0x365C, 0x3A12, 0x3A39, 0x3AA7, 0x3AE6, 0x4078, 0x4163, 0x4485, 0x45C6, 0x470D, 0x481A,
    0x4AC9, 0x4B3C, 0x4B67, 0x4BC9, 0x4C46, 0x4CEB, 0x5000, 0x520D, 0x54E6, 0x5873, 0x5C48, 0x5DD8,
    0x5E74, 0x5EDB, 0x6932, 0x69B7, 0x6B11, 0x6C48, 0x6DA3, 0x7256, 0x7425, 0x79E8, 0x7A12, 0x7B42,
    0x7DF0, 0x7EA3, 0x802E, 0x827A, 0x87A5, 0x8BFB, 0x8C2D, 0x8D10, 0x961A, 0x99DC, 0x9A0D, 0x9A4C,
    0xA193, 0xAACD, 0xAC7D, 0xAE79, 0xB15B, 0xB2F1, 0xB457, 0xB60B, 0xB68D, 0xB934, 0xB95D, 0xB9A7,
    0xBACB, 0xBC12, 0xBC1A, 0xC4AB, 0xC61F, 0xCB2E, 0xD8D8, 0xDBBF, 0xE30A, 0xE589, 0xE81B, 0xEAB5,
    0xEC6D, 0xED5A, 0xF040, 0xF178, 0xF6E0, 0xF876, 0xFC23, 0xFDA9, 0xFDC4, 0xFF59, 0x020B, 0x052A,
    0x052F, 0x068D, 0x097D, 0x09AE, 0x0F2D, 0x1023, 0x1300, 0x1645, 0x1794, 0x23EA, 0x2639, 0x26E0,
    0x2807, 0x2872, 0x2975, 0x2AE5, 0x2EC5, 0x309C, 0x3179, 0x34B5, 0x351A, 0x365C, 0x377F, 0x38B2,
    0x391C, 0x3A12, 0x3FEA, 0x3FF9, 0x40A1, 0x40B7, 0x41DD, 0x4376, 0x4485, 0x470D, 0x481A, 0x4AC9,
    0x4BC9, 0x4C46, 0x4CEB, 0x4F62, 0x4F8F, 0x5000, 0x51A9, 0x55BA, 0x5873, 0x5CC4, 0x5E74, 0x6180,
    0x6311, 0x69B7, 0x6B81, 0x6C48, 0x6DA3, 0x7256, 0x7877, 0x79E8, 0x7B42, 0x80CB, 0x83C7, 0x8486,
    0x876C, 0x87A5, 0x8AC4, 0x8BFB, 0x90EC, 0x91E4, 0x922A, 0x9233, 0x961A, 0x99DC, 0x9A0D, 0xAB65,
    0xAE58, 0xAE79, 0xB054, 0xB15B, 0xB242, 0xB2F1, 0xB385, 0xB457, 0xB7EF, 0xB9A7, 0xBC1A, 0xBC65,
    0xC3AA, 0xC8FF, 0xCAEC, 0xCED1, 0xD0CB, 0xD426, 0xD6DD, 0xD9CD, 0xDD3C, 0xE30A, 0xE526, 0xE81B,
    0xE92C, 0xEAB5, 0xEC3A, 0xEC6D, 0xED5A, 0xF040, 0xF0E8, 0xF178, 0xF6E0, 0xF876, 0xFDC4, 0x0BB5,
    0x1110, 0x112C, 0x119A, 0x222A, 0x3191, 0x3918, 0x3F34, 0x4207, 0x5B4F, 0x63E8, 0x6D36, 0x8C9E,
    0x8CDF, 0x9E3F, 0xAD37, 0xB7D0, 0xC07E, 0xC1B9, 0xC273, 0xD3F4, 0xD5C7, 0xDBEB, 0xEA9B, 0x0A86,
    0x0F96, 0x190B, 0x198A, 0x1A16, 0x1DC2, 0x1E2C, 0x2288, 0x2431, 0x2BFA, 0x2D70, 0x2F1C, 0x3E5D,
    0x5011, 0x5CCD, 0x679A, 0x68DF, 0x6A30, 0x702E, 0x7097, 0x73CC, 0x7A4F, 0x7B48, 0x7DE6, 0x8101,
    0x84BA, 0x8540, 0x86D6, 0x88EF, 0x89F9, 0x8A1C, 0x8A36, 0x987C, 0x9CC0, 0x9D73, 0xA0F9, 0xA83F,
    0xAD20, 0xB9B7, 0xBAF4, 0xBB4D, 0xBE31, 0xC134, 0xC472, 0xD471, 0xDA81, 0xE027, 0xE8DC, 0xE944,
    0xEB73, 0xEC8F, 0xEE5B, 0xF310, 0xF3D3, 0xFA32, 0xFB6F, 0x0330, 0x070F, 0x0FB4, 0x127C, 0x154B,
    0x1B6E, 0x1DCB, 0x21EA, 0x2EC5, 0x380B, 0x3F10, 0x44D1, 0x464C, 0x474C, 0x48FE, 0x4B01, 0x50EE,
    0x57C5, 0x5A3A, 0x5AEB, 0x642C, 0x6831, 0x725D, 0x73BA, 0x7EF9, 0x84CD, 0x8686, 0x8706, 0x8D2D,
    0x8DE8, 0x9577, 0x95B5, 0x95D7, 0x9742, 0x98A7, 0x98D9, 0x9D37, 0x9ECE, 0xA08B, 0xA098, 0xA1B0,
    0xA441, 0xAE1D, 0xB234, 0xB2C4, 0xB3BF, 0xB811, 0xBDE7, 0xBE1E, 0xC33E, 0xC654, 0xC7F7, 0xCB07,
    0xD008, 0xD03F, 0xD38E, 0xD516, 0xD7FA, 0xE1AA, 0xE810, 0xEA9B, 0xEF32, 0xF1F7, 0xF213, 0xF796,
    0xFEC1, 0xFF35, 0x08E0, 0x09C1, 0x0B03, 0x177B, 0x1DCB, 0x24FA, 0x29C2, 0x3107, 0x310D, 0x4359,
    0x4D3D, 0x4D64, 0x4F25, 0x56BB, 0x5AB1, 0x6597, 0x6877, 0x7B0E, 0x89CE, 0x8F7A, 0x93B1, 0x9C09,
    0xA0A3, 0xA32D, 0xAA5F, 0xB788, 0xC24A, 0xC733, 0xCB8D, 0xD0B6, 0xD0C5, 0xDDC5, 0xE3EB, 0xE917,
    0xF542, 0xFB57, 0xFD26, 0x03AD, 0x040A, 0x0623, 0x093C, 0x09A9, 0x1089, 0x14ED, 0x15FE, 0x1BDE,
    0x1C03, 0x23C1, 0x240C, 0x2733, 0x283F, 0x29BD, 0x2F6A, 0x32EA, 0x35D1, 0x3627, 0x37EC, 0x385F,
    0x3B2B, 0x3CD3, 0x4004, 0x4401, 0x452A, 0x4F2D, 0x5107, 0x5171, 0x5959, 0x5D48, 0x621F, 0x6225,
    0x650F, 0x656C, 0x6723, 0x67F3, 0x6DC0, 0x7244, 0x7312, 0x740C, 0x770C, 0x7900, 0x7BB3, 0x7C04,
    0x7EDB, 0x8588, 0x8A92, 0x8C91, 0x8D63, 0x9052, 0x9088, 0x94CF, 0x95D8, 0x986F, 0x9C1A, 0x9DD2,
    0xA6AC, 0xA74B, 0xACA6, 0xADA3, 0xB064, 0xC940, 0xCC37, 0xD112, 0xD3FB, 0xD515, 0xD544, 0xD570,
    0xD6B7, 0xD8C0, 0xD98C, 0xD997, 0xE07A, 0xE16C, 0xE299, 0xE9B6, 0xEB73, 0xEC9C, 0xF037, 0xF044,
    0xF323, 0xF709, 0xF731, 0xF930, 0xFF7A, 0x055C, 0x0691, 0x0B98, 0x0D77, 0x0E37, 0x110F, 0x1260,
    0x1452, 0x161A, 0x161D, 0x187E, 0x1DDC, 0x1F01, 0x1F91, 0x242C, 0x2704, 0x2836, 0x292B, 0x29D7,
    0x2A38, 0x2B03, 0x2E9B, 0x311A, 0x3461, 0x3467, 0x36ED, 0x37DE, 0x389D, 0x3996, 0x3A1E, 0x3C91,
    0x441B, 0x44D9, 0x44F3, 0x48F3, 0x4AD2, 0x4E81, 0x4EAE, 0x51D6, 0x5360, 0x5376, 0x5FE7, 0x6058,
    0x622F, 0x68A2, 0x6DD4, 0x6E19, 0x6F23, 0x6F76, 0x7106, 0x758B, 0x762A, 0x8189, 0x82B5, 0x88AE,
    0x8C29, 0x8E97, 0x9038, 0x915E, 0x9C70, 0x9FCD, 0xA176, 0xA222, 0xA487, 0xA646, 0xA68D, 0xA912,
    0xAB65, 0xAE1B, 0xAE48, 0xB1BD, 0xB2F3, 0xB316, 0xBD8C, 0xBDDC, 0xC780, 0xC8C6, 0xC9C2, 0xCB5D,
    0xCD8A, 0xCF9A, 0xDA2D, 0xE3A7, 0xE776, 0xEBC8, 0xF4A8, 0xF758, 0xF8CC, 0xF8E2, 0xF9DA, 0xFB57,
    0xFCC6, 0xFD8E, 0xFEB2, 0x00E0, 0x09AF, 0x0A4C, 0x166B, 0x1F05, 0x2004, 0x310D, 0x3821, 0x3D12,
    0x421D, 0x48CD, 0x4B5A, 0x5576, 0x5A20, 0x767B, 0x7D8C, 0x8C24, 0x8FFE, 0xA714, 0xAFC9, 0xB7B6,
    0xBEDD, 0xD379, 0xE373, 0xE375, 0x0E2B, 0x10FD, 0x13A6, 0x2AF6, 0x2BA5, 0x34E1, 0x35E4, 0x38B3,
    0x3F98, 0x4D9C, 0x4F56, 0x5939, 0x602D, 0x6653, 0x6736, 0x6AA4, 0x700B, 0x7811, 0x7D89, 0x82BD,
    0x881B, 0x88D0, 0x8DF2, 0x9EC9, 0xA3B6, 0xA643, 0xA944, 0xAF84, 0xB493, 0xBB95, 0xBE0C, 0xC2D5,
    0xD1CC, 0xE17A, 0xE5F9, 0xEABB, 0xF7AE, 0xFFA8, 0x2652, 0x437A, 0x81F2, 0x984E, 0xB6D6, 0xBE1C,
    0xC485, 0xC7A1, 0xC8A5, 0xF367, 0x068D, 0x06E1, 0x08E0, 0x097D, 0x0A30, 0x0B16, 0x0D05, 0x0E12,
    0x0F2D, 0x1127, 0x12B5, 0x16AA, 0x1729, 0x179B, 0x195B, 0x2327, 0x26E0, 0x280D, 0x29F0, 0x2AE1,
    0x2B0A, 0x2B2F, 0x2B47, 0x2CA6, 0x2E1B, 0x2EC5, 0x2EFF, 0x341B, 0x34B5, 0x38B2, 0x38B2, 0x398D,
    0x3CBA, 0x3E4A, 0x4163, 0x4378, 0x4481, 0x4485, 0x4860, 0x4AC9, 0x4B3C, 0x4C46, 0x4CEB, 0x4F33,
    0x4F8F, 0x5000, 0x5770, 0x5881, 0x6932, 0x69BD, 0x6D68, 0x6DF1, 0x7256, 0x758D, 0x7627, 0x7A87,
    0x7B42, 0x7B6F, 0x7D0B, 0x8311, 0x8388, 0x83C7, 0x8475, 0x8486, 0x87A5, 0x8862, 0x8BB3, 0x8BFB,
    0x8E22, 0x90C3, 0x91AE, 0x9286, 0x941A, 0x9B3B, 0x9C28, 0xA06D, 0xA1D1, 0xA3EC, 0xA59F, 0xA70E,
    0xAA62, 0xAC4B, 0xAD09, 0xAE62, 0xB054, 0xB151, 0xB2E1, 0xB2F1, 0xB37E, 0xBC65, 0xC3AA, 0xC3D3,
    0xCA14, 0xCD21, 0xCF3A, 0xD0CB, 0xD12D, 0xD130, 0xD3BB, 0xDB47, 0xDBBF, 0xDC44, 0xE1CA, 0xE64E,
    0xE6D6, 0xE75F, 0xE81B, 0xE98F, 0xEB81, 0xEC0E, 0xEC59, 0xEEA0, 0xEF42, 0xF0BA, 0xF12D, 0xF57E,
    0xF5E8, 0xF876, 0xF98D, 0xFC0B, 0xFDC4, 0x02DF, 0x045D, 0x068D, 0x06E1, 0x08CF, 0x0B16, 0x0E12,
    0x0F2D, 0x1127, 0x12B5, 0x1467, 0x14FD, 0x1699, 0x16AA, 0x1736, 0x1D88, 0x1E1D, 0x2327, 0x23C4,
    0x2975, 0x2AE5, 0x2CD0, 0x2E99, 0x2EC5, 0x30B3, 0x341B, 0x365C, 0x3669, 0x38AD, 0x38B2, 0x391C,
    0x398D, 0x3AA7, 0x4182, 0x42DB, 0x42E9, 0x4376, 0x4378, 0x470D, 0x481A, 0x491A, 0x4AC9, 0x4C46,
    0x4C91, 0x4CEB, 0x4F33, 0x4F62, 0x4FC2, 0x50BB, 0x5111, 0x51A9, 0x52F7, 0x5987, 0x5C48, 0x6647,
    0x6932, 0x6C19, 0x6F46, 0x70F7, 0x758D, 0x79CF, 0x7A87, 0x7AA8, 0x7DA9, 0x7F64, 0x81C1, 0x8388,
    0x8598, 0x87A5, 0x8A68, 0x8BB3, 0x8C28, 0x8D10, 0x8D12, 0x8E22, 0x91AE, 0x9233, 0x99D5, 0x9C49,
    0xAAAD, 0xAD56, 0xAE1E, 0xB054, 0xB151, 0xB292, 0xB7EF, 0xBA7A, 0xBC1A, 0xC36F, 0xC3AA, 0xC546,
    0xC606, 0xC6F4, 0xC6FE, 0xC88C, 0xC8FF, 0xCEE9, 0xD12D, 0xD130, 0xD6E4, 0xD791, 0xD8FC, 0xDB47,
    0xDBBF, 0xDC44, 0xE589, 0xE5CD, 0xE64E, 0xEC0E, 0xF0BA, 0xF310, 0xF541, 0xF77F, 0x0527, 0x0839,
    0x1228, 0x1689, 0x1B23, 0x1E70, 0x1EB8, 0x281C, 0x3E73, 0x4538, 0x4A85, 0x4EEE, 0x4FB7, 0x56A1,
    0x56D7, 0x5B84, 0x5B8F, 0x5D96, 0x6754, 0x6A56, 0x7306, 0x78C7, 0x7EBD, 0x7EDB, 0x8FA5, 0x9206,
    0xA0A3, 0xA767, 0xA81B, 0xAF3A, 0xC817, 0xCB2A, 0xCF5D, 0xE3C4, 0xE4FB, 0xE61F, 0xE9C8, 0xF948,
    0x044D, 0x0640, 0x0BA9, 0x0D5B, 0x1516, 0x152E, 0x1EB9, 0x3282, 0x3EF4, 0x455F, 0x459A, 0x67E2,
    0x7097, 0x75D6, 0x7A5F, 0x7DF1, 0x8BA8, 0x914A, 0x9D73, 0xA3FE, 0xABBE, 0xAEE8, 0xBB77, 0xC3C5,
    0xC8BA, 0xCFEE, 0xD713, 0xE6EF, 0xFAD8, 0xFB7F, 0xFDB5, 0x0589, 0x0C4D, 0x1753, 0x1C36, 0x1E7D,
    0x1F91, 0x2203, 0x23D8, 0x330A, 0x3715, 0x3935, 0x4C48, 0x4D73, 0x4D7C, 0x50AA, 0x50EA, 0x56BB,
    0x56DC, 0x5811, 0x5C11, 0x69C3, 0x6BFA, 0x71A2, 0x73A5, 0x7A09, 0x7B64, 0x7E33, 0x7FA5, 0x8265,
    0x8596, 0x8E21, 0x8E70, 0x98E2, 0x9AE3, 0x9CFB, 0xA6FB, 0xA9F9, 0xAB33, 0xACB0, 0xB220, 0xB524,
    0xB5AF, 0xB5C2, 0xB691, 0xBABF, 0xBDEA, 0xBEE6, 0xC032, 0xC2E9, 0xC30C, 0xCB8D, 0xCE28, 0xD1B1,
    0xD26D, 0xD625, 0xDB2C, 0xE01E, 0xE352, 0xE3A7, 0xE575, 0xE654, 0xEA65, 0xEAD9, 0xEB35, 0xEE9A,
    0xF8BA, 0x0C80, 0x0D22, 0x0F57, 0x100E, 0x1354, 0x13F7, 0x147D, 0x1668, 0x1971, 0x1B9C, 0x1C43,
    0x1DAB, 0x1F76, 0x215F, 0x2249, 0x2592, 0x2681, 0x2685, 0x2880, 0x292A, 0x2997, 0x30B1, 0x3992,
    0x3C1A, 0x3C59, 0x41E4, 0x438B, 0x4744, 0x4873, 0x4C16, 0x4DB4, 0x51DF, 0x525D, 0x54E5, 0x56EC,
    0x5779, 0x582E, 0x5959, 0x5F4C, 0x60D2, 0x612D, 0x613C, 0x63E5, 0x6DD8, 0x6EB6, 0x732B, 0x73B1,
    0x750E, 0x78B6, 0x7B5B, 0x7DF6, 0x80DF, 0x8199, 0x831D, 0x862E, 0x86B3, 0x886F, 0x8D50, 0x8DF2,
    0x9115, 0x983D, 0x9941, 0x9D23, 0xA334, 0xA49C, 0xA927, 0xAE80, 0xAF14, 0xB1C2, 0xB237, 0xB34B,
    0xB3D0, 0xC083, 0xC1B7, 0xC31E, 0xC87D, 0xCEB2, 0xCEE0, 0xCF6E, 0xCFDF, 0xD549, 0xD80D, 0xDA55,
    0xDC30, 0xDF25, 0xE0B5, 0xE2CB, 0xE3B9, 0xE64C, 0xE796, 0xEB35, 0xEB9D, 0xED69, 0xEEBE, 0xF46E,
    0xF65B, 0xF73E, 0xFA1A, 0xFBAC, 0x0008, 0x00F9, 0x04BD, 0x1076, 0x1981, 0x22DD, 0x22F2, 0x2E0B,
    0x3105, 0x3196, 0x38FE, 0x391E, 0x3992, 0x3C0A, 0x3FD7, 0x3FF8, 0x427F, 0x47FF, 0x480D, 0x48F9,
    0x494E, 0x4D30, 0x51FE, 0x5939, 0x5A51, 0x5C85, 0x5CC1, 0x60F5, 0x645E, 0x65D8, 0x6CBA, 0x70FE,
    0x71E0, 0x76A0, 0x7876, 0x8041, 0x8320, 0x8550, 0x8701, 0x87BF, 0x8907, 0x9517, 0x9784, 0x9D79,
    0xA403, 0xA88B, 0xAA9D, 0xB71D, 0xBDBE, 0xC477, 0xC812, 0xCB02, 0xCD99, 0xD0D2, 0xD3AD, 0xD7F9,
    0xD83D, 0xDB1D, 0xE19B, 0xE31C, 0xE37E, 0xE50B, 0xE57D, 0xE8F6, 0xE9E3, 0xEB70, 0xED37, 0xED8D,
    0xF716, 0xF7A4, 0xF86F, 0xFACC, 0xFCDE, 0xFECF, 0xFFEA, 0x04D7, 0x0723, 0x0937, 0x0A74, 0x0BF0,
    0x0C07, 0x105B, 0x10E1, 0x20E5, 0x2170, 0x2A05, 0x3898, 0x3992, 0x3A36, 0x3ED2, 0x4C16, 0x5313,
    0x5566, 0x5DEB, 0x61DC, 0x64D5, 0x6A42, 0x6BCF, 0x6F4A, 0x709D, 0x70BF, 0x73AF, 0x7D07, 0x7F0B,
    0x8189, 0x8227, 0x831D, 0x838E, 0x8550, 0x8C21, 0x91A7, 0x92D3, 0x97A1, 0x98CA, 0x9941, 0x9950,
    0x9B1A, 0x9E80, 0xA335, 0xA36F, 0xA7A3, 0xAB16, 0xB2DB, 0xB429, 0xB5A6, 0xB65C, 0xBDF3, 0xBF8B,
    0xC6DA, 0xC90C, 0xCB8D, 0xCC7D, 0xCDD4, 0xCFDC, 0xD048, 0xDE3B, 0xE219, 0xE8B7, 0xEBDA, 0xEE73,
    0xEEB7, 0xF30F, 0xF9CF, 0xFC69, 0xFCC3, 0xFEBC, 0x0201, 0x0786, 0x0BD6, 0x0CF4, 0x144F, 0x14EB,
    0x21DE, 0x2569, 0x2784, 0x2CAE, 0x2D32, 0x2E16, 0x2EDF, 0x38AB, 0x4083, 0x44E3, 0x4580, 0x459B,
    0x4604, 0x4731, 0x478D, 0x492F, 0x4BB4, 0x4C5C, 0x5471, 0x56BB, 0x5A18, 0x5EA7, 0x6007, 0x62DE,
    0x6CFD, 0x6FE4, 0x7360, 0x7910, 0x79EE, 0x7A66, 0x7B8A, 0x8044, 0x82D0, 0x8320, 0x878F, 0x8A64,
    0x8C73, 0x90DD, 0x9446, 0x94B7, 0x9942, 0x9ECE, 0x9F5A, 0xA45E, 0xAE1B, 0xAE1D, 0xB015, 0xB0B4,
    0xB1BF, 0xB64A, 0xB801, 0xB84C, 0xBAF6, 0xBC6D, 0xBE8B, 0xC313, 0xC44F, 0xC4A2, 0xC60E, 0xC6CF,
    0xC786, 0xC90C, 0xCB13, 0xCBF3, 0xCF5A, 0xD468, 0xD5FD, 0xD907, 0xD957, 0xDA6F, 0xE37C, 0xEBE5,
    0xECF6, 0xF314, 0xF346, 0xF3D3, 0xFC7E, 0x0588, 0x0A6A, 0x0D26, 0x17AF, 0x197B, 0x1A3F, 0x1ADF,
    0x1B27, 0x1B9F, 0x1C82, 0x21D1, 0x2486, 0x280D, 0x2F18, 0x328E, 0x3299, 0x37EC, 0x3985, 0x39E7,
    0x3C81, 0x3E37, 0x40FC, 0x411D, 0x4207, 0x45C8, 0x522D, 0x5395, 0x5B17, 0x5B7A, 0x62C0, 0x6420,
    0x6566, 0x65B3, 0x66BC, 0x67E7, 0x6A61, 0x6A7B, 0x7087, 0x71E5, 0x78F4, 0x79C9, 0x7E0F, 0x8670,
    0x87CA, 0x8C20, 0x9527, 0x953E, 0x95C2, 0xA013, 0xAB66, 0xABF3, 0xAF5C, 0xB39B, 0xB466, 0xB489,
    0xB6B3, 0xB9DF, 0xC168, 0xCDFE, 0xCF93, 0xD18A, 0xD22A, 0xD495, 0xD8EA, 0xD95A, 0xDF06, 0xE21D,
    0xE293, 0xE63B, 0xE710, 0xE871, 0xE950, 0xF3D3, 0xF52C, 0xF881, 0xF955, 0xFA6F, 0xFD27, 0xFD4F,
    0x02B2, 0x0520, 0x07E0, 0x0DCD, 0x0EA9, 0x0F13, 0x1452, 0x19BE, 0x1B1A, 0x1B2B, 0x2694, 0x29D2,
    0x2D35, 0x32D7, 0x3367, 0x3417, 0x359B, 0x398D, 0x3D9F, 0x49F2, 0x4A9E, 0x4C68, 0x50B7, 0x51FE,
    0x54D9, 0x55F3, 0x5692, 0x57D5, 0x5DA9, 0x5FE7, 0x66BD, 0x68F8, 0x693D, 0x6A61, 0x6C79, 0x6F41,
    0x792D, 0x7A12, 0x7F8A, 0x82BC, 0x8993, 0x8C39, 0x8DFF, 0x8E12, 0x93CD, 0x9FCD, 0xA065, 0xA068,
    0xA0AB, 0xA5C8, 0xAB65, 0xAC55, 0xB015, 0xB2E4, 0xB9D0, 0xBC4F, 0xBD5B, 0xC670, 0xCE7D, 0xD393,
    0xD7BC, 0xDE36, 0xE358, 0xE871, 0xEE4F, 0xF1F6, 0xF3D3, 0xF584, 0xF76D, 0xFD48, 0x0B74, 0x0D30,
    0x1021, 0x1115, 0x133D, 0x157B, 0x19F3, 0x219D, 0x254E, 0x262F, 0x32E1, 0x39C5, 0x3C07, 0x4A04,
    0x4CB8, 0x5483, 0x550C, 0x559F, 0x59A5, 0x6868, 0x70B2, 0x86BA, 0x885F, 0x8A5C, 0x8CCA, 0x8DF2,
    0x8E21, 0x9074, 0x92B9, 0x9B7D, 0x9F0B, 0x9F35, 0xA0A3, 0xA1D8, 0xA53B, 0xA690, 0xA838, 0xAA16,
    0xB05A, 0xB103, 0xB9E1, 0xBAAE, 0xBCA4, 0xBCAC, 0xBDA8, 0xBE32, 0xBEF5, 0xC095, 0xCAE2, 0xCF7B,
    0xD049, 0xD405, 0xD437, 0xD6FA, 0xD9B8, 0xE468, 0xE54E, 0xE688, 0xE81F, 0xE8DC, 0xEBF9, 0xED5F,
    0xEFCA, 0xF7B2, 0xF88E, 0xF96C, 0xFCB1, 0x0386, 0x03A2, 0x054E, 0x0650, 0x0769, 0x0E38, 0x14FB,
    0x1C9D, 0x1E2E, 0x2066, 0x28F8, 0x311A, 0x3251, 0x388D, 0x3996, 0x3BF5, 0x438B, 0x463B, 0x47F1,
    0x5311, 0x56F0, 0x64C5, 0x64DB, 0x68EF, 0x79BA, 0x7BA4, 0x8F3B, 0xA004, 0xAAA2, 0xB011, 0xB49A,
    0xBA89, 0xC472, 0xC7E5, 0xC844, 0xD1C5, 0xDA55, 0xDAEF, 0xE4D5, 0xEB35, 0xEBDC, 0xEC3C, 0xF094,
    0xF91F, 0x0A4C, 0x0E2B, 0x0F81, 0x1964, 0x2004, 0x2927, 0x2DA0, 0x2F68, 0x322F, 0x4F0B, 0x5576,
    0x679A, 0x7D8C, 0x8264, 0x8AC4, 0x8D41, 0x8DF2, 0xA37A, 0xA4D0, 0xA7CF, 0xB58A, 0xB9FC, 0xBED5,
    0xBEF5, 0xBFB0, 0xD379, 0xD80D, 0xDD4E, 0xF72C, 0xF73E, 0x00F4, 0x014D, 0x038C, 0x06C4, 0x096B,
    0x09B2, 0x0FEA, 0x137C, 0x13B6, 0x13C1, 0x15B9, 0x178E, 0x1C71, 0x2063, 0x2091, 0x23BC, 0x25C2,
    0x31EB, 0x344E, 0x3669, 0x39A4, 0x3BDA, 0x3ECB, 0x4174, 0x42DE, 0x43EE, 0x47EE, 0x4957, 0x4A2B,
    0x4B24, 0x522D, 0x53E8, 0x546A, 0x58A1, 0x5BA1, 0x5BB3, 0x5D92, 0x62E8, 0x6616, 0x6730, 0x679A,
    0x686A, 0x696E, 0x6DE0, 0x6FCB, 0x7556, 0x76B6, 0x7920, 0x7D8C, 0x7EBB, 0x7FFB, 0x82A2, 0x85CE,
    0x8BB7, 0x8DF2, 0x8EAC, 0x94A1, 0x95B3, 0x9A1F, 0x9A2B, 0xA3C6, 0xA8E5, 0xA927, 0xAB43, 0xABEE,
    0xAF07, 0xB011, 0xB12B, 0xB691, 0xB728, 0xBBC7, 0xBF73, 0xBF81, 0xC275, 0xC483, 0xC852, 0xC870,
    0xD1A9, 0xD46D, 0xD516, 0xD67C, 0xD687, 0xDA64, 0xDE2A, 0xDE80, 0xE1FB, 0xE2B4, 0xE2DC, 0xE3EE,
    0xE71C, 0xE7DB, 0xEACF, 0xEAF0, 0xEAFF, 0xEBBC, 0xEC0F, 0xEC27, 0xF737, 0xFB6E, 0xFCC2, 0xFECE,
    0x016C, 0x06FE, 0x12F0, 0x137B, 0x195E, 0x2C1F, 0x3392, 0x3592, 0x383B, 0x391E, 0x3998, 0x41A4,
    0x435C, 0x449B, 0x480D, 0x48E3, 0x4ACC, 0x4B69, 0x4F37, 0x5433, 0x5C97, 0x5E07, 0x63AA, 0x647B,
    0x648F, 0x680D, 0x691F, 0x6B06, 0x7140, 0x719C, 0x785E, 0x79C8, 0x8014, 0x9138, 0x9381, 0x9455,
    0xA416, 0xA5AB, 0xABD5, 0xAF75, 0xB2C7, 0xB339, 0xB353, 0xBAFA, 0xBD87, 0xBE34, 0xBE36, 0xBEF5,
    0xC1D6, 0xC1F6, 0xCA14, 0xCE9A, 0xCFE1, 0xD2BC, 0xD722, 0xDF07, 0xE000, 0xE163, 0xE16C, 0xE57D,
    0xED51, 0xFA16, 0xFA5C, 0xFBD8, 0xFF60, 0xFF95, 0x0383, 0x041B, 0x093E, 0x0FF3, 0x1452, 0x2D9B,
    0x3070, 0x3967, 0x40A4, 0x41E9, 0x427B, 0x48D0, 0x4AA0, 0x4CB5, 0x5C14, 0x5E00, 0x5F17, 0x5F5C,
    0x6487, 0x6CDE, 0x7F1A, 0x8F19, 0x93D8, 0x9AD0, 0x9BC0, 0x9C5D, 0x9D6A, 0xA789, 0xABA4, 0xB2F7,
    0xB429, 0xB589, 0xBAD1, 0xBF7F, 0xC3D0, 0xD285, 0xD7F1, 0xD9DD, 0xDA0E, 0xDB2D, 0xDEBB, 0xE25D,
    0xE57F, 0xE77E, 0xEF62, 0xF5A5, 0xFDE5, 0x000D, 0x017E, 0x02B7, 0x03EC, 0x0478, 0x04FE, 0x05B6,
    0x07E0, 0x0839, 0x0BD2, 0x0C17, 0x0C1B, 0x0DC7, 0x0E1A, 0x10E1, 0x175B, 0x17DA, 0x1C60, 0x1EE6,
    0x202F, 0x26C6, 0x26FB, 0x2E0B, 0x2F67, 0x301C, 0x3189, 0x322F, 0x3335, 0x337F, 0x3444, 0x34D1,
    0x379A, 0x37EC, 0x3978, 0x3BDC, 0x3E2D, 0x3EA2, 0x3F72, 0x41A7, 0x46DB, 0x47CF, 0x483F, 0x4925,
    0x4DEE, 0x4E10, 0x4EAC, 0x50E3, 0x5167, 0x53A9, 0x57D7, 0x594E, 0x5AE7, 0x6030, 0x62EA, 0x6539,
    0x69EA, 0x6A61, 0x6AF9, 0x6EE0, 0x73AE, 0x76AA, 0x76B5, 0x774A, 0x78D4, 0x79CB, 0x7A3B, 0x7D01,
    0x7D6D, 0x7D81, 0x7FA5, 0x80D8, 0x8448, 0x84CE, 0x901E, 0x9257, 0x994B, 0x9C2A, 0x9DA4, 0xA255,
    0xA405, 0xB141, 0xB48B, 0xB7A0, 0xB8CE, 0xBCC3, 0xBFAB, 0xC226, 0xC2C4, 0xC33D, 0xC3A1, 0xC43F,
    0xCA3D, 0xCCE4, 0xCE66, 0xCEC7, 0xD03D, 0xD232, 0xD509, 0xD516, 0xD879, 0xD8C0, 0xDBC1, 0xDFFF,
    0xE30E, 0xE5E9, 0xE678, 0xE926, 0xEAA4, 0xED5A, 0xEEE3, 0xEF0F, 0xF0BF, 0xF0E9, 0xF1E4, 0xF33A,
    0xF3D3, 0xF508, 0xF6EB, 0xFA00, 0xFBE9, 0x0377, 0x039F, 0x0511, 0x05FD, 0x07FB, 0x0EA9, 0x0F13,
    0x10F6, 0x1112, 0x1367, 0x15AD, 0x161A, 0x19C2, 0x1EAD, 0x1ED7, 0x20D4, 0x2538, 0x2572, 0x2581,
    0x2584, 0x2694, 0x2855, 0x29B8, 0x29D2, 0x2BFF, 0x2C3C, 0x2E08, 0x2EDB, 0x3091, 0x32D7, 0x34CC,
    0x3618, 0x361D, 0x3672, 0x37EC, 0x398D, 0x39E7, 0x3D49, 0x4015, 0x4541, 0x463D, 0x4E10, 0x50AD,
    0x5360, 0x55D0, 0x58BB, 0x5FE7, 0x6425, 0x6762, 0x69D3, 0x6A61, 0x6B9A, 0x6DA0, 0x6DA8, 0x6DE2,
    0x6FFE, 0x70AE, 0x7534, 0x770C, 0x779F, 0x7A3C, 0x7B67, 0x7D11, 0x7FCA, 0x8051, 0x81C9, 0x842C,
    0x8804, 0x88AD, 0x892F, 0x89E8, 0x8C42, 0x8C8D, 0x8CD9, 0x8DB6, 0x8F24, 0x9CDE, 0x9FCD, 0xA23D,
    0xA3CE, 0xA473, 0xA775, 0xAC10, 0xAC89, 0xAF0C, 0xAF5D, 0xB00C, 0xB64A, 0xB7F7, 0xBD56, 0xBF06,
    0xBF81, 0xC2E1, 0xC3A1, 0xC5ED, 0xC6BD, 0xC796, 0xCAAA, 0xCD47, 0xD02D, 0xD553, 0xD60A, 0xD8C0,
    0xD958, 0xE256, 0xE4CD, 0xE863, 0xE8A5, 0xE8DD, 0xE997, 0xEE45, 0xF094, 0xF10A, 0xF3D3, 0xF918,
    0xFA23, 0xFA2C, 0xFA68, 0xFDE1, 0xFE56, 0xFEC8, 0x0246, 0x07DC, 0x0E3F, 0x1342, 0x1890, 0x2322,
    0x23B5, 0x268D, 0x277C, 0x5D9F, 0x663A, 0x90DF, 0x9F65, 0xA106, 0xAE59, 0xB086, 0xC50F, 0xDFC9,
    0xFA81, 0x0435, 0x04BC, 0x0B9F, 0x1573, 0x1803, 0x21AE, 0x2A94, 0x2C0A, 0x31F6, 0x43E8, 0x5003,
    0x5802, 0x5A90, 0x618F, 0x6737, 0x6E5B, 0x7AD3, 0x9D28, 0xB35B, 0xE0FD, 0xE3EC, 0x1023, 0x1A5C,
    0x3F0E, 0x5D9F, 0x83A3, 0x925B, 0x92D4, 0xA7BA, 0xBB61, 0xC50F, 0xD1AE, 0xD6A8, 0xD6AE, 0xF5CE,
    0x1803, 0x24FF, 0x2BCE, 0x4048, 0x6B1B, 0x723D, 0x7E38, 0x82C2, 0x88D2, 0xB21E, 0xC004, 0xC736,
    0xC7F9, 0xDB59, 0xE7BE, 0xF383, 0x07C1, 0x0B4F, 0x0B5B, 0x1172, 0x144F, 0x14E5, 0x1618, 0x21B6,
    0x2257, 0x2448, 0x250D, 0x2816, 0x2EFF, 0x2FD7, 0x312F, 0x3356, 0x3668, 0x36C4, 0x40DC, 0x41A7,
    0x4207, 0x4210, 0x4625, 0x48EE, 0x4A04, 0x4A2E, 0x4A4A, 0x4B1B, 0x4DFB, 0x4EA3, 0x4EBF, 0x4FE4,
    0x539F, 0x5938, 0x5B71, 0x5EC4, 0x6007, 0x64AD, 0x6602, 0x84CA, 0x9A9E, 0x9C0F, 0x9D96, 0xA838,
    0xA96B, 0xAA8C, 0xB05A, 0xB287, 0xB31B, 0xB4EC, 0xB602, 0xB848, 0xBA6A, 0xBC55, 0xBCA4, 0xCD83,
    0xCE86, 0xD401, 0xD6FA, 0xD9B8, 0xDB57, 0xDE17, 0xE79B, 0xEBF9, 0xEC45, 0xECBE, 0xF1A8, 0xF40C,
    0xF603, 0xF72A, 0xF754, 0xF7ED, 0xFCB1, 0x0540, 0x0FA8, 0x1032, 0x2270, 0x2F68, 0x4390, 0x4A41,
    0x56BB, 0x5A30, 0x5FAF, 0x5FBC, 0x6B80, 0x6CB3, 0x6D2C, 0x7896, 0x8002, 0x8D48, 0x8F19, 0xA1F4,
    0xA293, 0xA309, 0xA37A, 0xA737, 0xAEA7, 0xB58A, 0xBCDE, 0xC501, 0xCB45, 0xCF59, 0xF9C4, 0xFD26,
    0x0067, 0x01A9, 0x01E0, 0x0B6F, 0x0BE4, 0x0FA7, 0x104F, 0x1A2B, 0x1B8E, 0x1F05, 0x1F33, 0x20CB,
    0x26A7, 0x2CC9, 0x34F6, 0x35A0, 0x391E, 0x39EC, 0x3E13, 0x428C, 0x467B, 0x47EE, 0x497B, 0x4DA6,
    0x4ED2, 0x51C8, 0x54AB, 0x595C, 0x6CD1, 0x6F72, 0x6F8B, 0x7052, 0x70F8, 0x78BE, 0x792C, 0x79E8,
    0x7CFE, 0x8145, 0x8173, 0x8445, 0x8D1C, 0x8D6B, 0x8FAA, 0x9005, 0x905D, 0x9811, 0x9EF9, 0xA264,
    0xA6BD, 0xABFC, 0xAC23, 0xAD5D, 0xAE1B, 0xBA57, 0xBC37, 0xBCC4, 0xBDD4, 0xBFAE, 0xC2A0, 0xC2D0,
    0xC3DC, 0xC652, 0xC71F, 0xC83E, 0xCA41, 0xCA81, 0xCE65, 0xD1B1, 0xD4D6, 0xD503, 0xD549, 0xD685,
    0xDC36, 0xE0CA, 0xE22B, 0xE2A8, 0xE3B9, 0xE880, 0xECFA, 0xED7D, 0xEE10, 0xF0AA, 0xF686, 0xF754,
    0xF922, 0x0124, 0x093E, 0x0A4C, 0x0FF3, 0x2AC5, 0x3C26, 0x43D4, 0x459A, 0x4F67, 0x4FE6, 0x54B8,
    0x5616, 0x58B2, 0x65D7, 0x694F, 0x69D9, 0x6E46, 0x71E8, 0x720B, 0x77DB, 0x7B30, 0x7BA3, 0x7D8C,
    0x7E3B, 0x83B4, 0x8B00, 0x9021, 0x9341, 0x94D7, 0x9BEB, 0xA383, 0xA5F9, 0xB071, 0xBC74, 0xD341,
    0xD847, 0xDB72, 0xE56B, 0xE697, 0xE7A2, 0xF775, 0xFDE5, 0x0476, 0x110F, 0x1234, 0x1301, 0x13B1,
    0x15B8, 0x17CA, 0x1826, 0x1BA5, 0x1F91, 0x2246, 0x2329, 0x287B, 0x3109, 0x320F, 0x3449, 0x3C65,
    0x44B1, 0x459A, 0x466D, 0x4C2D, 0x4C7A, 0x4E8C, 0x5530, 0x55BD, 0x585F, 0x5AB1, 0x60E8, 0x66C0,
    0x6A5F, 0x6D10, 0x7086, 0x74B6, 0x7511, 0x75BC, 0x7817, 0x7E87, 0x7EDB, 0x7FE8, 0x87AC, 0x87BC,
    0x896A, 0x8C8D, 0x971C, 0x9950, 0x9C1E, 0xA194, 0xA423, 0xA635, 0xB208, 0xB7E4, 0xBDDC, 0xBFE7,
    0xC91F, 0xC928, 0xCA69, 0xCAED, 0xD553, 0xD7CE, 0xDC00, 0xDEC9, 0xE2E7, 0xE3C4, 0xE630, 0xE8F6,
    0xED1B, 0xF1FD, 0xF922, 0xFB02, 0xFECF, 0x07DB, 0x1078, 0x15F6, 0x2863, 0x3273, 0x3C0A, 0x3CF0,
    0x3ECE, 0x49D1, 0x4C55, 0x53EE, 0x541A, 0x56BB, 0x5AB1, 0x5DDE, 0x6AA3, 0x6CBA, 0x70C3, 0x7A08,
    0x7D56, 0x8754, 0x8B1A, 0x8B2B, 0x9540, 0x9F50, 0xA0A3, 0xAA89, 0xB1BB, 0xB39C, 0xC151, 0xD0B6,
    0xD0E2, 0xDF06, 0xE31C, 0xE72C, 0xF1E5, 0xFD26, 0x0A4C, 0x0A82, 0x0DD2, 0x0F7D, 0x165E, 0x1A68,
    0x2CE3, 0x2FAD, 0x317E, 0x31CE, 0x322F, 0x3345, 0x37F2, 0x3893, 0x3AA0, 0x3B51, 0x41E9, 0x5107,
    0x52A7, 0x605E, 0x61CE, 0x6485, 0x6662, 0x6FF1, 0x7D8C, 0x873F, 0x88F6, 0x8D86, 0x8F19, 0x9767,
    0xA480, 0xA4DC, 0xA7EA, 0xA939, 0xAEA7, 0xB08D, 0xB3B4, 0xBD6C, 0xC41D, 0xC52B, 0xC988, 0xCB4C,
    0xCBD6, 0xCD0F, 0xDB85, 0xDB9A, 0xDD91, 0xDE6E, 0xDE81, 0xE852, 0xED95, 0xEFB3, 0xF056, 0xF0E8,
    0x0701, 0x2A47, 0x39CD, 0x3F09, 0x3F50, 0x429D, 0x5A84, 0x67E5, 0x6994, 0x7F8E, 0x80AC, 0x8535,
    0x9014, 0x9C21, 0xAD45, 0xAE59, 0xBA2C, 0xBB47, 0xC135, 0xC7F9, 0xF7C4, 0x0B9F, 0x1342, 0x1B29,
    0x1BE1, 0x1BEE, 0x1E19, 0x260A, 0x2745, 0x29F3, 0x2AB9, 0x31F6, 0x3302, 0x3F24, 0x47AF, 0x58BE,
    0x5CE6, 0x663A, 0x6934, 0x6994, 0x6EA9, 0x70C1, 0x73A1, 0x755D, 0x7CBE, 0x8535, 0x92A2, 0x9C90,
    0x9D7F, 0xA059, 0xA2B2, 0xAE59, 0xB96F, 0xC1BA, 0xD555, 0xE0CE, 0xE994, 0xEE0D, 0xF8AF, 0x0B9F,
    0x0E8E, 0x1DCE, 0x24CF, 0x25BC, 0x2745, 0x31F6, 0x4C1A, 0x4E06, 0x5090, 0x53B5, 0x56D1, 0x6183,
    0x65BF, 0x7680, 0x7939, 0x8535, 0x8680, 0x9A7B, 0xB4CF, 0xC61C, 0xC956, 0xDE55, 0xF024, 0xFC8E,
    0xFC90, 0xFEA6, 0x04CE, 0x0810, 0x0B99, 0x0B9F, 0x106E, 0x17CD, 0x1A9B, 0x1C2E, 0x1F1C, 0x27B9,
    0x2C74, 0x2D0C, 0x2EFE, 0x30A9, 0x31F6, 0x3C44, 0x3F50, 0x41B4, 0x46CA, 0x48F0, 0x496D, 0x4BE5,
    0x4D62, 0x4FC8, 0x5314, 0x5FF6, 0x6654, 0x677C, 0x67A4, 0x68FF, 0x6922, 0x703F, 0x72F5, 0x72F5,
    0x7342, 0x7B77, 0x7C70, 0x7CF0, 0x87FB, 0x890C, 0x8F19, 0x9591, 0x95CF, 0x964F, 0x98B4, 0xA0AB,
    0xA318, 0xA855, 0xAC4C, 0xAD45, 0xAEDF, 0xB25A, 0xB590, 0xBAFD, 0xBB61, 0xC14C, 0xC21B, 0xC270,
    0xC28E, 0xC32D, 0xC9AB, 0xCF90, 0xCFAE, 0xD321, 0xD442, 0xDB5A, 0xDBD7, 0xDC1D, 0xDF48, 0xE79B,
    0xE906, 0xEC53, 0xF0A2, 0xF1F8, 0x02D8, 0x07F6, 0x0D95, 0x3613, 0x3DA7, 0x41B2, 0x4FF1, 0x56DB,
    0x57F0, 0x6321, 0x646C, 0x74A9, 0xA156, 0xB85B, 0xC74F, 0xCCC0, 0xD555, 0xEA9A, 0xEBBA, 0x04A7,
    0x0632, 0x0E19, 0x1114, 0x1A8D, 0x2609, 0x3FB4, 0x419A, 0x4A0A, 0x4FEF, 0x5781, 0x5B46, 0x5E1A,
    0x7F67, 0x967A, 0x986F, 0x9D7C, 0x9EE9, 0xBD87, 0xC0A9, 0xC940, 0xCB7B, 0xCE28, 0xDAE4, 0xDB85,
    0xDE6E, 0xDE80, 0xDF77, 0xE0D0, 0xEB35, 0xFB5E, 0xFEA3, 0x0243, 0x026D, 0x04AB, 0x0B9F, 0x1973,
    0x19EB, 0x1D3C, 0x2740, 0x281A, 0x2A84, 0x2E64, 0x300C, 0x31F0, 0x31F6, 0x3342, 0x3665, 0x3876,
    0x4146, 0x4330, 0x4575, 0x47C6, 0x4995, 0x6236, 0x623C, 0x6652, 0x68B8, 0x6934, 0x7833, 0x78E4,
    0x79BD, 0x985B, 0xA128, 0xA39B, 0xA576, 0xAC6E, 0xAE20, 0xB324, 0xB3AB, 0xB5A3, 0xB5B8, 0xB8A4,
    0xC41F, 0xC5CC, 0xC5E6, 0xC636, 0xC8E7, 0xC97E, 0xC988, 0xD033, 0xD237, 0xDC43, 0xDC48, 0xDFBD,
    0xE222, 0xF041, 0xF839, 0xFD46, 0x0569, 0x06E4, 0x0B9F, 0x164F, 0x1A01, 0x2177, 0x235A, 0x2602,
    0x2CD4, 0x3157, 0x31F6, 0x34C5, 0x3519, 0x4048, 0x4577, 0x51AA, 0x546F, 0x5569, 0x5B9D, 0x6036,
    0x60CA, 0x64CC, 0x65C2, 0x66F5, 0x68BE, 0x6B90, 0x6FD3, 0x6FD7, 0x7D7C, 0xA533, 0xA7DD, 0xB1FF,
    0xB227, 0xB984, 0xC211, 0xCFB7, 0xD2E0, 0xD575, 0xD79D, 0xD827, 0xDCFC, 0xE5CD, 0xE5FB, 0xEB13,
    0xED94, 0xF092, 0xFBD7, 0xFD94, 0x0035, 0x0064, 0x04E1, 0x05BA, 0x07F6, 0x0B9F, 0x0E93, 0x126A,
    0x1573, 0x164F, 0x19B6, 0x19DF, 0x1FD6, 0x2745, 0x3157, 0x31ED, 0x3519, 0x38BE, 0x3C14, 0x41B2,
    0x43B5, 0x4913, 0x4C6D, 0x521A, 0x534F, 0x546F, 0x573B, 0x57F0, 0x6405, 0x643F, 0x6E5B, 0x7E33,
    0x854C, 0x8596, 0x8607, 0x877D, 0x8E23, 0x8E97, 0x9434, 0x984D, 0x9A04, 0x9FD5, 0xA387, 0xA8A3,
    0xC004, 0xC76A, 0xCE8D, 0xD79D, 0xD996, 0xDF37, 0xE125, 0xE3EC, 0xE726, 0xE7B3, 0xED4C, 0xF77D,
    0xFCA0, 0x076B, 0x0D6D, 0x0E52, 0x2CFE, 0x39CD, 0x3FE2, 0x41F5, 0x550A, 0x807F, 0x85D8, 0x8745,
    0x8878, 0x9AF1, 0xA10C, 0xAC05, 0xAE29, 0xAF71, 0xB47F, 0xB530, 0xBE20, 0xBF65, 0xDE05, 0xDEE1,
    0xDF08, 0xE987, 0xF2BB, 0xF3BB, 0xF42B, 0x02AB, 0x0D19, 0x12A1, 0x13B3, 0x174B, 0x1C1B, 0x279A,
    0x2C12, 0x2D32, 0x2FA9, 0x333E, 0x339D, 0x3572, 0x3E81, 0x408B, 0x438B, 0x4634, 0x4B6F, 0x4DF3,
    0x4F5F, 0x5364, 0x5964, 0x6471, 0x66F1, 0x687C, 0x6CF5, 0x734D, 0x750D, 0x78B6, 0x7A38, 0x7E3C,
    0x8244, 0x899C, 0x8BC3, 0x8D62, 0x8ED9, 0x9275, 0x9778, 0xA1C9, 0xA72D, 0xAF3A, 0xB075, 0xB3BD,
    0xB58A, 0xB74C, 0xB7BA, 0xB87E, 0xBBAC, 0xBE6A, 0xC032, 0xC479, 0xC493, 0xC870, 0xC8A8, 0xCE28,
    0xD1D0, 0xD4C1, 0xD600, 0xDA55, 0xDCDD, 0xDD0E, 0xE933, 0xEB35, 0xEF58, 0xEF66, 0xF9C4, 0xFC9D,
    0xFDA9, 0x00E3, 0x0AC3, 0x0BC6, 0x0E7A, 0x0EDA, 0x1076, 0x1F9F, 0x22B7, 0x281C, 0x301F, 0x320E,
    0x322F, 0x330F, 0x35B3, 0x3663, 0x3AE1, 0x3E73, 0x4040, 0x4040, 0x409F, 0x44B5, 0x4502, 0x4608,
    0x4616, 0x56BB, 0x5B1B, 0x5D48, 0x5D96, 0x632C, 0x6C94, 0x6D4E, 0x71FD, 0x761D, 0x7680, 0x77B5,
    0x79C8, 0x8041, 0x86BA, 0x899C, 0x8B81, 0x8C73, 0x8D3C, 0x8DE3, 0x8FA5, 0x9206, 0x9B9B, 0xA0A3,
    0xA8D8, 0xAA9D, 0xB0F5, 0xB34A, 0xB472, 0xBB4C, 0xC0D3, 0xC641, 0xC762, 0xCF5D, 0xD001, 0xD13C,
    0xD25F, 0xD448, 0xDE0D, 0xE172, 0xE3C4, 0xEA3F, 0xEADE, 0xF520, 0xFA5E, 0xFCDD, 0x0343, 0x0712,
    0x0FEA, 0x103A, 0x10A5, 0x1674, 0x1A42, 0x1AE0, 0x1B01, 0x228F, 0x25B5, 0x265C, 0x2720, 0x29E3,
    0x2B68, 0x2BE5, 0x2E2E, 0x3512, 0x37EC, 0x39FD, 0x3A5B, 0x426C, 0x438B, 0x45D1, 0x4701, 0x471B,
    0x4F33, 0x5B8F, 0x5FDA, 0x600F, 0x617F, 0x61D0, 0x64AF, 0x6618, 0x686A, 0x6C28, 0x6CF4, 0x6D45,
    0x73F4, 0x74FB, 0x7511, 0x7FA0, 0x82BF, 0x8696, 0x86D6, 0x8CA7, 0x8D41, 0x8F59, 0x8F67, 0x910D,
    0x9397, 0x9636, 0x96A1, 0x980E, 0x9BA7, 0x9F71, 0x9FE9, 0xA2FC, 0xA435, 0xA6CF, 0xA7FE, 0xB281,
    0xBFD5, 0xC7C1, 0xC84A, 0xCCC4, 0xD317, 0xD43B, 0xD513, 0xD5E9, 0xDA55, 0xDAB9, 0xDABC, 0xDD98,
    0xE2C4, 0xEB34, 0xECB7, 0xEFC9, 0xF7F1, 0xFA01, 0xFCE8, 0xFE5D, 0x0304, 0x054E, 0x10F1, 0x13DA,
    0x1E49, 0x2B45, 0x3157, 0x3185, 0x356C, 0x3C1A, 0x3E50, 0x4373, 0x4652, 0x4917, 0x5526, 0x581B,
    0x5959, 0x59F7, 0x5B5B, 0x6A78, 0x6E42, 0x7244, 0x787C, 0x7CD5, 0x7D54, 0x85DD, 0x8A89, 0x91A0,
    0x9235, 0x9766, 0xAE80, 0xB1EB, 0xB355, 0xBB15, 0xBEFE, 0xC22C, 0xCE28, 0xD0E5, 0xE7DC, 0xEB35,
    0xEDDF, 0x04C6, 0x0B04, 0x0EA9, 0x0F28, 0x1303, 0x1431, 0x1B2C, 0x1E6B, 0x1ED0, 0x20D2, 0x257B,
    0x27A8, 0x2884, 0x2B93, 0x2DD4, 0x2EDB, 0x2EF1, 0x300F, 0x303C, 0x37EC, 0x380C, 0x3881, 0x39E7,
    0x3B04, 0x3DD1, 0x4680, 0x52CD, 0x5360, 0x5374, 0x53E5, 0x5945, 0x598B, 0x5CC1, 0x5D49, 0x5F60,
    0x5FE7, 0x625C, 0x6425, 0x6446, 0x64C5, 0x6F19, 0x6FAE, 0x6FB3, 0x7014, 0x7057, 0x7244, 0x74FB,
    0x79FA, 0x7E1B, 0x83C5, 0x870A, 0x95C1, 0x9B04, 0x9D6A, 0x9F0D, 0xA074, 0xA2DD, 0xA3FC, 0xA728,
    0xA797, 0xAAC7, 0xAB4D, 0xAC10, 0xAC43, 0xAD32, 0xADA4, 0xB0B0, 0xB0C3, 0xB17D, 0xB97D, 0xBD8C,
    0xBF81, 0xC20F, 0xC24C, 0xC297, 0xCDB2, 0xCF3F, 0xD12E, 0xD269, 0xD83D, 0xD8C0, 0xDBD4, 0xE30E,
    0xE394, 0xE774, 0xE7F8, 0xEC93, 0xECB5, 0xF482, 0xF666, 0xF7F1, 0xF86F, 0xF9C1, 0xFA75, 0xFB28,
    0x0B9F, 0x1253, 0x31F6, 0x39CD, 0x3F50, 0x43E8, 0x50DF, 0x66A6, 0x67AE, 0x6994, 0x6E5B, 0x84C5,
    0x8535, 0x8B50, 0xAD45, 0xB54E, 0xBA59, 0xBCA3, 0xBFF0, 0xCBEF, 0xE3EC, 0xEDBA, 0xF220, 0x0B9F,
    0x13B8, 0x17B8, 0x2C7D, 0x31F6, 0x3766, 0x3F50, 0x4CCB, 0x52BE, 0x5613, 0x6994, 0x8535, 0x8AF0,
    0xA4BB, 0xA921, 0xAD45, 0xB78B, 0xBCBE, 0xC0D9, 0xCBA1, 0xE0CF, 0xEF1B, 0x04E5, 0x1207, 0x1239,
    0x149B, 0x2745, 0x2CC9, 0x2FD0, 0x3CE6, 0x40FF, 0x4440, 0x9925, 0xA069, 0xB4FA, 0xB6BB, 0xD582,
    0xD5AE, 0xDA4F, 0x08B3, 0x127E, 0x2EA8, 0x4487, 0x44F8, 0x47ED, 0x4AB0, 0x4C68, 0x4D0B, 0x5468,
    0x54AF, 0x5C4F, 0x5FE7, 0x69A1, 0x6B80, 0x6D99, 0x714C, 0x72DF, 0x7EFD, 0x8F5F, 0x9486, 0x97F4,
    0x9F10, 0x9FCD, 0xA3B1, 0xA4BD, 0xA6E1, 0xAC32, 0xAEA7, 0xB04C, 0xB94F, 0xB951, 0xBC01, 0xC69D,
    0xC8BD, 0xC9D8, 0xCE8A, 0xD116, 0xD513, 0xDA55, 0xDE35, 0xDF47, 0xEBB8, 0xED59, 0xFA2E, 0x0664,
    0x16CE, 0x3189, 0x3D70, 0x47F3, 0x4855, 0x49A6, 0x4D76, 0x4D84, 0x5959, 0x59F7, 0x5B5B, 0x6115,
    0x6A31, 0x6A5F, 0x7126, 0x7244, 0x787C, 0x7B62, 0x8ABF, 0x9548, 0xA33A, 0xB50A, 0xBB15, 0xBC12,
    0xC264, 0xC980, 0xC9EB, 0xCDB2, 0xD0E5, 0xD668, 0xD8C3, 0xDC4B, 0xF774, 0x0A4C, 0x0BCE, 0x0F6C,
    0x1AC1, 0x2107, 0x260B, 0x2699, 0x278F, 0x2853, 0x2B34, 0x2CE4, 0x2E84, 0x3108, 0x359E, 0x372F,
    0x4440, 0x4ACB, 0x4CDD, 0x4F0B, 0x4FEF, 0x5115, 0x531E, 0x53E6, 0x55E5, 0x58F2, 0x59A5, 0x5AC8,
    0x6BAD, 0x792F, 0x7C95, 0x7D8C, 0x873F, 0x8886, 0x8DF2, 0x8E1E, 0x904C, 0x944B, 0x95CA, 0x9F49,
    0xA0F3, 0xA12C, 0xA171, 0xA1F7, 0xA885, 0xB12B, 0xBEF5, 0xBFC2, 0xC663, 0xC8A7, 0xCBD6, 0xD25A,
    0xD38A, 0xD683, 0xD7B2, 0xDA0E, 0xDF77, 0xE18E, 0xEC0C, 0xED95, 0xEF3C, 0xEFB3, 0xF04B, 0xF132,
    0x0838, 0x0A09, 0x13B3, 0x1943, 0x19B5, 0x1BAD, 0x1D56, 0x261F, 0x2630, 0x2A2E, 0x2A80, 0x2CFD,
    0x2DAA, 0x2FDF, 0x31CC, 0x3C71, 0x3D3B, 0x417F, 0x420A, 0x42A5, 0x44BE, 0x4538, 0x4AE3, 0x5257,
    0x584D, 0x5A40, 0x6005, 0x612D, 0x614D, 0x61E5, 0x646F, 0x6855, 0x6B80, 0x6FCB, 0x713E, 0x74DB,
    0x796C, 0x7A1A, 0x7A23, 0x7AC3, 0x7CFA, 0x86A3, 0x8C68, 0x8E99, 0x8EAB, 0x8F8E, 0x8FC5, 0x9035,
    0x9972, 0x9A58, 0x9CA1, 0x9EBD, 0xA6C1, 0xA767, 0xA76B, 0xB210, 0xB2FD, 0xB38B, 0xB648, 0xCBDC,
    0xCF84, 0xCF93, 0xD018, 0xD050, 0xD07C, 0xD2AA, 0xD6F7, 0xD9B9, 0xDAF0, 0xDB3F, 0xDB68, 0xDE35,
    0xDFE1, 0xE41D, 0xE9CA, 0xEB86, 0xEB89, 0xF503, 0xF73E, 0xFE99, 0x026D, 0x0DB6, 0x579D, 0x73CE,
    0x7D20, 0x9DDB, 0xBA34, 0xCB43, 0xCE97, 0xE16D, 0xE453, 0xEE10, 0xEF0E, 0xF007, 0xF591, 0xFD01,
    0xFD46, 0xFD88, 0x0168, 0x017E, 0x01F3, 0x02A8, 0x03CD, 0x04C8, 0x050B, 0x0A80, 0x0BCE, 0x0D54,
    0x0D79, 0x0E52, 0x0F28, 0x1198, 0x149E, 0x15F8, 0x1660, 0x1914, 0x1D23, 0x1E8C, 0x2104, 0x2140,
    0x228F, 0x2326, 0x232E, 0x2428, 0x29E3, 0x2AEB, 0x2BFA, 0x31C9, 0x3711, 0x3796, 0x394E, 0x415C,
    0x42A0, 0x43D5, 0x4D25, 0x4F89, 0x5129, 0x52CA, 0x535E, 0x5B90, 0x5D60, 0x63C7, 0x644F, 0x66E5,
    0x6B66, 0x6C7F, 0x6CB9, 0x6DE2, 0x7172, 0x729B, 0x7587, 0x79D2, 0x7ACC, 0x7B30, 0x8267, 0x83B5,
    0x8643, 0x8A7B, 0x8DBF, 0x8DF2, 0x9328, 0x95AB, 0x97AA, 0x97CB, 0x97F9, 0x9AAC, 0x9B7B, 0xA27B,
    0xA2C4, 0xA548, 0xA797, 0xAA16, 0xB0C6, 0xB154, 0xB590, 0xB95D, 0xB9D1, 0xBEF5, 0xC6AE, 0xC828,
    0xCC16, 0xCF54, 0xD054, 0xD553, 0xD648, 0xD8D9, 0xDD9A, 0xDF4A, 0xDF70, 0xDFCF, 0xE055, 0xE091,
    0xE5C2, 0xE5C3, 0xE5FA, 0xECAE, 0xEE5C, 0xF035, 0xF3A9, 0xF527, 0xF707, 0xF70F, 0x06C2, 0x0721,
    0x0F3F, 0x1313, 0x1342, 0x17E8, 0x1E43, 0x2D04, 0x33AC, 0x395F, 0x3F7C, 0x4173, 0x5DFE, 0x663A,
    0x75BE, 0x8025, 0x9D9B, 0xAE59, 0xB5E8, 0xBFA9, 0xC1BA, 0xC50F, 0xDBDE, 0xF5CE, 0xFE5A, 0x07D9,
    0x0AAC, 0x0DEE, 0x103B, 0x17E4, 0x1EA5, 0x3982, 0x3AE0, 0x3E54, 0x49D0, 0x57AA, 0x58D2, 0x823B,
    0xAB54, 0xAB97, 0xB300, 0xBCA8, 0xC274, 0xC88A, 0xD1D0, 0xD965, 0xE17F, 0xE30B, 0xE59D, 0xF172,
    0xF819, 0xF859, 0x06C5, 0x0A0E, 0x0F86, 0x1485, 0x1B42, 0x28A6, 0x3220, 0x33BF, 0x3732, 0x4487,
    0x5395, 0x56CC, 0x58C2, 0x58E1, 0x59E5, 0x5F51, 0x6B90, 0x6FF0, 0x7ACE, 0x8909, 0x8D1D, 0x8F5F,
    0x967D, 0xA275, 0xA533, 0xBF92, 0xC67F, 0xE2A9, 0xEDE2, 0xFEB9, 0x0008, 0x0143, 0x0BCE, 0x0F9E,
    0x11D9, 0x1C13, 0x2012, 0x20CB, 0x21CD, 0x24F6, 0x2955, 0x2CF8, 0x2EDB, 0x2FC2, 0x32EC, 0x3392,
    0x37EC, 0x38BB, 0x39E7, 0x3B95, 0x3E13, 0x4588, 0x46C7, 0x4F0B, 0x5C85, 0x5CC1, 0x60F5, 0x622F,
    0x6425, 0x6A18, 0x6AB2, 0x6C3F, 0x6F4A, 0x7362, 0x7629, 0x8DF2, 0x97A1, 0x984E, 0x99A4, 0xAA9D,
    0xB0BD, 0xB12B, 0xB1CE, 0xB7B6, 0xB7F7, 0xBB11, 0xBBAC, 0xBD81, 0xBEB9, 0xBEF5, 0xBF54, 0xC008,
    0xC9F3, 0xCB5D, 0xCBD6, 0xCC0E, 0xCC3C, 0xCC96, 0xCF12, 0xD38A, 0xD816, 0xD8C0, 0xDCDF, 0xE375,
    0xE396, 0xEABB, 0xEAEF, 0xED95, 0xF6C4, 0xF97B, 0xFCC2, 0x0000, 0x0486, 0x0614, 0x0906, 0x0DC8,
    0x1375, 0x16D4, 0x19E8, 0x1CAA, 0x241D, 0x2689, 0x2BEE, 0x3477, 0x397A, 0x3D21, 0x3F50, 0x445B,
    0x4655, 0x4F0E, 0x520E, 0x58C9, 0x599A, 0x663A, 0x66BC, 0x70F6, 0x7BC6, 0x8025, 0x9125, 0x9DAA,
    0xA0AB, 0xAB8E, 0xAD45, 0xAD5A, 0xAE9C, 0xB429, 0xB489, 0xCDF9, 0xCEAC, 0xD41B, 0xD432, 0xE43A,
    0xE4B6, 0xEBC7, 0xEF53, 0xF143, 0xF1C8, 0xF257, 0xF36A, 0xF5CE, 0x052F, 0x0892, 0x0C90, 0x0EDA,
    0x16A4, 0x1EF5, 0x28DE, 0x322F, 0x32D7, 0x3893, 0x390E, 0x56BB, 0x57F9, 0x5AB1, 0x5F3F, 0x6ABB,
    0x6D9D, 0x6EDC, 0x830E, 0x83FE, 0x86D4, 0x8990, 0x89B3, 0x8A2C, 0x9262, 0xA0A3, 0xA713, 0xB728,
    0xB848, 0xD0C0, 0xDCAB, 0xDFAA, 0xED9E, 0xEF92, 0xF733, 0xF93D, 0xFB9A, 0xFBB0, 0x0A4C, 0x0BCE,
    0x0E05, 0x1198, 0x1C1B, 0x2016, 0x2185, 0x3489, 0x3B95, 0x3D18, 0x4028, 0x498B, 0x4F0B, 0x57DD,
    0x5FE7, 0x68DA, 0x6A18, 0x6B80, 0x79ED, 0x7D8C, 0x7E52, 0x7F31, 0x873F, 0x9855, 0x9FCD, 0xA635,
    0xA6A5, 0xA8A2, 0xB12B, 0xB91B, 0xCBD6, 0xD021, 0xD31B, 0xD38A, 0xDB86, 0xE85E, 0xEBEF, 0xECA9,
    0xED95, 0xEFB3, 0xEFBD, 0xF056, 0xF71D, 0xF80E, 0x0244, 0x026D, 0x05DB, 0x09A3, 0x0B9F, 0x0DB6,
    0x11FB, 0x135C, 0x1432, 0x1F3E, 0x21B7, 0x2745, 0x305F, 0x31F6, 0x3342, 0x3731, 0x3DEE, 0x4D54,
    0x59F8, 0x6532, 0x70C1, 0x7336, 0x78E4, 0x81CF, 0x8302, 0x850C, 0x8573, 0x8D55, 0xAAA3, 0xB2D2,
    0xBB04, 0xBB3D, 0xBC3C, 0xBFA8, 0xC205, 0xC322, 0xC547, 0xCCBC, 0xD012, 0xD650, 0xE453, 0xE735,
    0xECE8, 0xECED, 0xEE21, 0xF056, 0xF7F4, 0xFD46, 0x0228, 0x11E9, 0x1880, 0x1C72, 0x1D0E, 0x20BA,
    0x277C, 0x2A0E, 0x359C, 0x3F15, 0x44AA, 0x4A39, 0x4C2F, 0x56C6, 0x5AAA, 0x68DA, 0x70B7, 0x73CE,
    0x763D, 0x7BD8, 0x7F38, 0x944C, 0x94AE, 0x94B5, 0x9BE7, 0xA157, 0xA4B8, 0xAD07, 0xB845, 0xBEC5,
    0xC19C, 0xCA53, 0xCE50, 0xD0D6, 0xD30D, 0xD63F, 0xDCFE, 0xE1CE, 0xE746, 0xE9FD, 0xF626, 0x2192,
    0x2BBE, 0x2F06, 0x7115, 0x9960, 0xA7DC, 0xEA4C, 0xFA01, 0xFEDB, 0x026D, 0x2CAA, 0x3342, 0x3F50,
    0x4575, 0x4D68, 0x4FEF, 0x520E, 0x54F1, 0x696C, 0x73CE, 0x78E4, 0x7FD2, 0x8025, 0x85AB, 0x9040,
    0x9DA0, 0xA482, 0xAC6E, 0xAD45, 0xB489, 0xC636, 0xC988, 0xCDF9, 0xCE97, 0xD639, 0xD82A, 0xDCB3,
    0xDF77, 0xE92B, 0xF36A, 0xF5CE, 0xFD46, 0xFFEA, 0x0D7D, 0x100E, 0x1251, 0x1558, 0x228F, 0x22A4,
    0x3B40, 0x458F, 0x596A, 0x6157, 0x6D1B, 0x6DFE, 0x6F38, 0x78A8, 0x8696, 0x8E08, 0x9BE7, 0xAA79,
    0xB08D, 0xBFD5, 0xC52B, 0xC971, 0xCA53, 0xE58D, 0xFFAC, 0x0342, 0x2127, 0x31FC, 0x4588, 0x48A9,
    0x4FEF, 0x5802, 0x580E, 0x6ABC, 0x9CA3, 0xA8F1, 0xB18B, 0xCC0E, 0xD88C, 0xDB38, 0xDF77, 0x0DC9,
    0x1C1B, 0x3638, 0x3AAE, 0x3C69, 0x4078, 0x57DD, 0x59C7, 0x5FE7, 0x7EA1, 0x81F2, 0x8851, 0x99D8,
    0x9FCD, 0xB38B, 0xBE1C, 0xD021, 0xD187, 0xD939, 0xDA26, 0xE85E, 0xEF9D, 0xF7E2, 0x13BF, 0x1C5C,
    0x3176, 0x3338, 0x3E93, 0x45DE, 0x525A, 0x5929, 0x5EB0, 0x644F, 0x65BC, 0x6B80, 0x6CB9, 0x71FD,
    0x7B30, 0x8B38, 0x8DF2, 0x8E2D, 0x8FCA, 0x90CB, 0x96D1, 0xA777, 0xA788, 0xB0BD, 0xB49B, 0xB590,
    0xBEF5, 0xC466, 0xC999, 0xCB45, 0xCBA5, 0xCC3C, 0xCEF5, 0xD553, 0xDE35, 0xEABB, 0xF97B, 0xFAD8,
    0x0DC9, 0x1C1B, 0x3638, 0x3AAE, 0x3C69, 0x4078, 0x57DD, 0x59C7, 0x5FE7, 0x7EA1, 0x81F2, 0x8851,
    0x99D8, 0x9FCD, 0xB38B, 0xBE1C, 0xD021, 0xD187, 0xD939, 0xDA26, 0xE85E, 0xEF9D, 0xF7E2,
};
constexpr int kVanillaFingerprintOffsets[297] = {
    0, 23, 65, 143, 153, 196, 196, 212, 313, 370, 397, 455,
    514, 601, 617, 660, 660, 731, 788, 852, 867, 1014, 1164, 1261,
    1347, 1391, 1457, 1523, 1563, 1580, 1601, 1672, 1693, 1709, 1777, 1826,
    1847, 1901, 1901, 1981, 2084, 2175, 2207, 2340, 2403, 2483, 2483, 2492,
    2566, 2594, 2665, 2701, 2701, 2804, 2918, 3077, 3176, 3231, 3253, 3379,
    3466, 3530, 3589, 3643, 3688, 3771, 3811, 3831, 3861, 3945, 4014, 4122,
    4122, 4122, 4219, 4282, 4354, 4388, 4479, 4528, 4555, 4610, 4698, 4760,
    4815, 4912, 5005, 5053, 5091, 5181, 5258, 5264, 5315, 5367, 5398, 5478,
    5494, 5561, 5664, 5753, 5769, 5806, 5840, 5996, 6085, 6158, 6158, 6203,
    6250, 6272, 6303, 6326, 6326, 6340, 6418, 6505, 6544, 6620, 6643, 6763,
    6894, 6894, 6894, 6894, 6962, 7022, 7111, 7148, 7175, 7224, 7321, 7425,
    7506, 7585, 7647, 7647, 7712, 7712, 7743, 7743, 7840, 7892, 7965, 7973,
    7973, 7977, 8006, 8052, 8102, 8102, 8141, 8175, 8228, 8276, 8319, 8319,
    8377, 8470, 8504, 8541, 8572, 8628, 8698, 8774, 8811, 8830, 8899, 8912,
    8930, 9041, 9141, 9251, 9260, 9271, 9271, 9287, 9319, 9358, 9411, 9487,
    9519, 9581, 9833, 9881, 9916, 9934, 10064, 10084, 10156, 10237, 10237, 10256,
    10283, 10340, 10379, 10466, 10521, 10621, 10671, 10800, 10901, 10904, 10985, 10985,
    11098, 11207, 11207, 11231, 11231, 11287, 11354, 11391, 11391, 11391, 11477, 11571,
    11571, 11596, 11634, 11644, 11765, 11878, 11878, 11879, 11916, 11947, 12013, 12112,
    12187, 12258, 12341, 12420, 12490, 12557, 12557, 12601, 12631, 12631, 12732, 12798,
    12845, 12965, 13086, 13105, 13126, 13140, 13156, 13156, 13156, 13229, 13260, 13345,
    13387, 13387, 13457, 13494, 13548, 13569, 13607, 13634, 13708, 13727, 13759, 13816,
    13864, 13921, 13949, 14017, 14086, 14168, 14209, 14304, 14327, 14349, 14366, 14411,
    14445, 14508, 14588, 14606, 14710, 14735, 14762, 14792, 14863, 14912, 14950, 14994,
    15042, 15083, 15092, 15126, 15151, 15167, 15190, 15228, 15251,
};
// clang-format on
